{
  "criteria": {
    "primary_animal": {
      "trigger": "minecraft:villager_trade",
      "conditions": {
        "item": {
          "predicate": {
            "minecraft:custom_data": "{gm4_balloon_animals:{animal:1b,trade:1b}}"
          }
        },
        "player": [
          {
            "condition": "minecraft:value_check",
            "value": {
              "type": "minecraft:score",
              "target": {
                "type": "minecraft:fixed",
                "name": "gm4_balloon_animals"
              },
              "score": "load.status"
            },
            "range": {
              "min": 1
            }
          }
        ]
      }
    },
    "secondary_animal": {
      "trigger": "minecraft:villager_trade",
      "conditions": {
        "item": {
          "predicate": {
            "minecraft:custom_data": "{gm4_balloon_animals:{animal:2b,trade:2b}}"
          }
        },
        "player": [
          {
            "condition": "minecraft:value_check",
            "value": {
              "type": "minecraft:score",
              "target": {
                "type": "minecraft:fixed",
                "name": "gm4_balloon_animals"
              },
              "score": "load.status"
            },
            "range": {
              "min": 1
            }
          }
        ]
      }
    }
  },
  "requirements": [
    [
      "primary_animal",
      "secondary_animal"
    ]
  ],
  "rewards": {
    "function": "gm4_balloon_animals:purchased_animal"
  }
}
