{
  "display": {
    "icon": {
      "id": "glass_bottle",
      "components": {
        "minecraft:custom_model_data": 3420004
      }
    },
    "title": {
      "translate": "advancement.gm4.zauber_cauldrons.drink_multi_use_bottle.title",
      "fallback": "Clean Plate Club"
    },
    "description": {
      "translate": "advancement.gm4.zauber_cauldrons.drink_multi_use_bottle.description",
      "fallback": "Take the ninth sip out of a single bottle",
      "color": "gray"
    }
  },
  "parent": "gm4:zauber_cauldrons_create",
  "criteria": {
    "consume_multi_use_bottle": {
      "trigger": "minecraft:consume_item",
      "conditions": {
        "item": {
          "predicates": {
            "minecraft:custom_data": "{gm4_zauber_cauldrons:{bottle:{multi_use:1b,sips:1b}}}"
          }
        },
        "player": [
          {
            "condition": "minecraft:value_check",
            "value": {
              "type": "minecraft:score",
              "target": {
                "type": "minecraft:fixed",
                "name": "gm4_zauber_cauldrons"
              },
              "score": "load.status"
            },
            "range": {
              "min": 1
            }
          }
        ]
      }
    }
  }
}
