{
  "type": "minecraft:generic",
  "pools": [
    {
      "rolls": 1,
      "entries": [
        {
          "type": "minecraft:loot_table",
          "value": "gm4_combat_expanded:armor/identification/base",
          "functions": [
            {
              "function": "minecraft:set_custom_data",
              "tag": "{gm4_combat_expanded:{modifier:\"beacon\"}}"
            }
          ]
        }
      ],
      "functions": [
        {
          "function": "minecraft:set_lore",
          "mode": "append",
          "lore": [
            ""
          ]
        },
        {
          "function": "minecraft:set_lore",
          "mode": "append",
          "lore": [
            {
              "translate": "item.gm4.combat_expanded.lore.equip",
              "fallback": "When Equipped:",
              "color": "gray",
              "italic": false
            }
          ]
        },
        {
          "function": "minecraft:set_lore",
          "mode": "append",
          "entity": "this",
          "lore": [
            [
              {
                "translate": "item.gm4.combat_expanded.lore.beacon",
                "fallback": "Beacon",
                "color": "blue",
                "italic": false
              }
            ]
          ]
        },
        {
          "function": "minecraft:set_lore",
          "mode": "append",
          "entity": "this",
          "lore": [
            [
              {
                "translate": "item.gm4.combat_expanded.lore.beacon_description",
                "fallback": "Lights the way, sneak to glow",
                "color": "dark_gray",
                "italic": false
              }
            ]
          ]
        },
        {
          "function": "minecraft:set_name",
          "entity": "this",
          "name": [
            {
              "translate": "item.gm4.combat_expanded.name.beacon",
              "fallback": "Radiant %s",
              "with": [
                {
                  "nbt": "components.'minecraft:custom_data'.gm4_combat_expanded.name",
                  "storage": "gm4_combat_expanded:temp",
                  "interpret": true
                }
              ],
              "italic": false
            }
          ]
        }
      ]
    }
  ]
}
