{
  "type": "minecraft:generic",
  "pools": [
    {
      "rolls": 1,
      "entries": [
        {
          "type": "minecraft:loot_table",
          "value": "gm4_combat_expanded:armor/identification/base",
          "functions": [
            {
              "function": "minecraft:set_attributes",
              "modifiers": [
                {
                  "attribute": "minecraft:generic.attack_damage",
                  "name": "gm4_combat_expanded",
                  "amount": 0,
                  "operation": "add_value",
                  "slot": "chest"
                },
                {
                  "attribute": "minecraft:generic.attack_speed",
                  "name": "gm4_combat_expanded_2",
                  "amount": 0,
                  "operation": "add_multiplied_base",
                  "slot": "chest"
                },
                {
                  "attribute": "minecraft:generic.movement_speed",
                  "name": "gm4_combat_expanded_3",
                  "amount": 0,
                  "operation": "add_multiplied_base",
                  "slot": "chest"
                },
                {
                  "attribute": "minecraft:generic.knockback_resistance",
                  "name": "gm4_combat_expanded_4",
                  "amount": 0,
                  "operation": "add_value",
                  "slot": "chest"
                },
                {
                  "attribute": "minecraft:generic.armor",
                  "name": "gm4_ce_perm",
                  "amount": {
                    "type": "minecraft:score",
                    "target": {
                      "type": "minecraft:fixed",
                      "name": "$armor-"
                    },
                    "score": "gm4_ce_data"
                  },
                  "operation": "add_value",
                  "slot": "chest"
                }
              ]
            },
            {
              "function": "minecraft:set_custom_data",
              "tag": "{gm4_combat_expanded:{modifier:44,active:0}}"
            },
            {
              "function": "minecraft:copy_nbt",
              "source": {
                "type": "minecraft:storage",
                "source": "gm4_combat_expanded:temp"
              },
              "ops": [
                {
                  "source": "damage",
                  "target": "gm4_combat_expanded.level",
                  "op": "replace"
                },
                {
                  "source": "atkspeed",
                  "target": "gm4_combat_expanded.level2",
                  "op": "replace"
                },
                {
                  "source": "speed",
                  "target": "gm4_combat_expanded.level3",
                  "op": "replace"
                }
              ]
            },
            {
              "function": "minecraft:copy_nbt",
              "source": {
                "type": "minecraft:storage",
                "source": "gm4_combat_expanded:temp"
              },
              "ops": [
                {
                  "source": "tag.AttributeModifiers[{Name:\"generic.armor\"}].Slot",
                  "target": "AttributeModifiers[{Name:\"gm4_combat_expanded\"}].Slot",
                  "op": "replace"
                },
                {
                  "source": "tag.AttributeModifiers[{Name:\"generic.armor\"}].Slot",
                  "target": "AttributeModifiers[{Name:\"gm4_combat_expanded_2\"}].Slot",
                  "op": "replace"
                },
                {
                  "source": "tag.AttributeModifiers[{Name:\"generic.armor\"}].Slot",
                  "target": "AttributeModifiers[{Name:\"gm4_combat_expanded_3\"}].Slot",
                  "op": "replace"
                },
                {
                  "source": "tag.AttributeModifiers[{Name:\"generic.armor\"}].Slot",
                  "target": "AttributeModifiers[{Name:\"gm4_combat_expanded_4\"}].Slot",
                  "op": "replace"
                },
                {
                  "source": "tag.AttributeModifiers[{Name:\"generic.armor\"}].Slot",
                  "target": "AttributeModifiers[{Name:\"gm4_ce_perm\"}].Slot",
                  "op": "replace"
                }
              ]
            }
          ]
        }
      ],
      "functions": [
        {
          "function": "minecraft:set_lore",
          "mode": "append",
          "lore": [
            ""
          ]
        },
        {
          "function": "minecraft:set_lore",
          "mode": "append",
          "lore": [
            {
              "translate": "item.gm4.combat_expanded.lore.low_hp",
              "fallback": "When Low on Health:",
              "color": "gray",
              "italic": false
            }
          ]
        },
        {
          "function": "minecraft:set_lore",
          "mode": "append",
          "entity": "this",
          "lore": [
            [
              {
                "translate": "attribute.modifier.plus.0",
                "with": [
                  [
                    {
                      "score": {
                        "name": "$damage_10",
                        "objective": "gm4_ce_data"
                      },
                      "color": "blue",
                      "italic": false
                    },
                    ".",
                    {
                      "score": {
                        "name": "$damage_01",
                        "objective": "gm4_ce_data"
                      }
                    }
                  ],
                  {
                    "translate": "attribute.name.generic.attack_damage"
                  }
                ],
                "color": "blue",
                "italic": false
              }
            ]
          ],
          "conditions": [
            {
              "condition": "minecraft:inverted",
              "term": {
                "condition": "minecraft:value_check",
                "value": {
                  "type": "minecraft:score",
                  "target": {
                    "type": "minecraft:fixed",
                    "name": "$damage_01"
                  },
                  "score": "gm4_ce_data"
                },
                "range": 0
              }
            }
          ]
        },
        {
          "function": "minecraft:set_lore",
          "mode": "append",
          "entity": "this",
          "lore": [
            [
              {
                "translate": "attribute.modifier.plus.0",
                "with": [
                  {
                    "score": {
                      "name": "$damage_10",
                      "objective": "gm4_ce_data"
                    },
                    "color": "blue",
                    "italic": false
                  },
                  {
                    "translate": "attribute.name.generic.attack_damage"
                  }
                ],
                "color": "blue",
                "italic": false
              }
            ]
          ],
          "conditions": [
            {
              "condition": "minecraft:value_check",
              "value": {
                "type": "minecraft:score",
                "target": {
                  "type": "minecraft:fixed",
                  "name": "$damage_01"
                },
                "score": "gm4_ce_data"
              },
              "range": 0
            }
          ]
        },
        {
          "function": "minecraft:set_lore",
          "mode": "append",
          "entity": "this",
          "lore": [
            [
              {
                "translate": "attribute.modifier.plus.1",
                "with": [
                  {
                    "score": {
                      "name": "$atkspeed",
                      "objective": "gm4_ce_data"
                    }
                  },
                  {
                    "translate": "attribute.name.generic.attack_speed"
                  }
                ],
                "color": "blue",
                "italic": false
              }
            ]
          ]
        },
        {
          "function": "minecraft:set_lore",
          "mode": "append",
          "entity": "this",
          "lore": [
            [
              {
                "translate": "attribute.modifier.plus.1",
                "with": [
                  {
                    "score": {
                      "name": "$speed",
                      "objective": "gm4_ce_data"
                    }
                  },
                  {
                    "translate": "attribute.name.generic.movement_speed"
                  }
                ],
                "color": "blue",
                "italic": false
              }
            ]
          ]
        },
        {
          "function": "minecraft:set_lore",
          "mode": "append",
          "entity": "this",
          "lore": [
            [
              {
                "translate": "attribute.modifier.plus.0",
                "with": [
                  {
                    "text": "1"
                  },
                  {
                    "translate": "attribute.name.generic.knockback_resistance"
                  }
                ],
                "color": "blue",
                "italic": false
              }
            ]
          ]
        },
        {
          "function": "minecraft:set_name",
          "entity": "this",
          "name": [
            {
              "translate": "item.gm4.combat_expanded.name.berserk",
              "fallback": "Berserkers %s",
              "with": [
                {
                  "nbt": "components.'minecraft:custom_data'.gm4_combat_expanded.name",
                  "storage": "gm4_combat_expanded:temp",
                  "interpret": true
                }
              ],
              "italic": false
            }
          ]
        }
      ]
    }
  ]
}
