{
  "type": "minecraft:generic",
  "pools": [
    {
      "rolls": 1,
      "entries": [
        {
          "type": "minecraft:loot_table",
          "value": "gm4_combat_expanded:armor/identification/base",
          "functions": [
            {
              "function": "minecraft:set_custom_data",
              "tag": "{gm4_combat_expanded:{modifier:\"convert\"}}"
            }
          ]
        }
      ],
      "functions": [
        {
          "function": "minecraft:set_attributes",
          "modifiers": [
            {
              "attribute": "minecraft:generic.max_health",
              "name": "gm4_ce_perm",
              "amount": {
                "type": "minecraft:score",
                "target": {
                  "type": "minecraft:fixed",
                  "name": "$armor_clamp"
                },
                "score": "gm4_ce_data",
                "scale": -1
              },
              "operation": "add_value",
              "slot": "chest"
            },
            {
              "attribute": "minecraft:generic.armor",
              "name": "gm4_ce_perm_2",
              "amount": {
                "type": "minecraft:score",
                "target": {
                  "type": "minecraft:fixed",
                  "name": "$armor_clamp"
                },
                "score": "gm4_ce_data",
                "scale": 1
              },
              "operation": "add_value",
              "slot": "chest"
            }
          ]
        },
        {
          "function": "minecraft:copy_nbt",
          "source": {
            "type": "minecraft:storage",
            "source": "gm4_combat_expanded:temp"
          },
          "ops": [
            {
              "source": "tag.AttributeModifiers[{Name:\"generic.armor\"}].Slot",
              "target": "AttributeModifiers[{Name:\"gm4_ce_perm\"}].Slot",
              "op": "replace"
            },
            {
              "source": "tag.AttributeModifiers[{Name:\"generic.armor\"}].Slot",
              "target": "AttributeModifiers[{Name:\"gm4_ce_perm_2\"}].Slot",
              "op": "replace"
            }
          ]
        },
        {
          "function": "minecraft:set_lore",
          "mode": "append",
          "lore": [
            ""
          ]
        },
        {
          "function": "minecraft:set_lore",
          "mode": "append",
          "lore": [
            {
              "translate": "item.gm4.combat_expanded.lore.equip",
              "fallback": "When Equipped:",
              "color": "gray",
              "italic": false
            }
          ]
        },
        {
          "function": "minecraft:set_lore",
          "mode": "append",
          "entity": "this",
          "lore": [
            [
              {
                "translate": "item.gm4.combat_expanded.lore.convert",
                "fallback": "Convert Armor to Health",
                "color": "blue",
                "italic": false
              }
            ]
          ]
        },
        {
          "function": "minecraft:set_name",
          "entity": "this",
          "name": [
            {
              "translate": "item.gm4.combat_expanded.name.convert",
              "fallback": "Hearty %s",
              "with": [
                {
                  "nbt": "components.'minecraft:custom_data'.gm4_combat_expanded.name",
                  "storage": "gm4_combat_expanded:temp",
                  "interpret": true
                }
              ],
              "italic": false
            }
          ]
        }
      ]
    }
  ]
}
