{
  "type": "minecraft:generic",
  "pools": [
    {
      "rolls": 1,
      "entries": [
        {
          "type": "minecraft:loot_table",
          "value": "gm4_combat_expanded:armor/identification/base",
          "functions": [
            {
              "function": "minecraft:set_custom_data",
              "tag": "{gm4_combat_expanded:{modifier:52}}"
            }
          ]
        }
      ],
      "functions": [
        {
          "function": "minecraft:set_lore",
          "mode": "append",
          "lore": [
            ""
          ]
        },
        {
          "function": "minecraft:set_lore",
          "mode": "append",
          "lore": [
            {
              "translate": "item.gm4.combat_expanded.lore.high_hp",
              "fallback": "When High on Health:",
              "color": "gray",
              "italic": false
            }
          ]
        },
        {
          "function": "minecraft:set_lore",
          "mode": "append",
          "entity": "this",
          "lore": [
            {
              "translate": "item.gm4.combat_expanded.lore.half",
              "fallback": "Reduce Health to Half",
              "color": "red",
              "italic": false
            }
          ]
        },
        {
          "function": "minecraft:set_lore",
          "mode": "append",
          "entity": "this",
          "lore": [
            [
              {
                "translate": "attribute.gm4.combat_expanded.lore.immunity",
                "fallback": "%s Immunity",
                "with": [
                  {
                    "translate": "effect.minecraft.regeneration"
                  }
                ],
                "color": "red",
                "italic": false
              }
            ]
          ]
        },
        {
          "function": "minecraft:set_lore",
          "mode": "append",
          "lore": [
            ""
          ]
        },
        {
          "function": "minecraft:set_lore",
          "mode": "append",
          "lore": [
            {
              "translate": "item.gm4.combat_expanded.lore.equip",
              "fallback": "When Equipped:",
              "color": "gray",
              "italic": false
            }
          ]
        },
        {
          "function": "minecraft:set_lore",
          "mode": "append",
          "entity": "this",
          "lore": [
            {
              "translate": "potion.withAmplifier",
              "with": [
                {
                  "translate": "effect.minecraft.resistance"
                },
                {
                  "translate": "potion.potency.2"
                }
              ],
              "color": "blue",
              "italic": false
            }
          ]
        },
        {
          "function": "minecraft:set_name",
          "entity": "this",
          "name": [
            {
              "translate": "item.gm4.combat_expanded.name.half",
              "fallback": "Fractal %s",
              "with": [
                {
                  "nbt": "components.'minecraft:custom_data'.gm4_combat_expanded.name",
                  "storage": "gm4_combat_expanded:temp",
                  "interpret": true
                }
              ],
              "italic": false
            }
          ]
        }
      ]
    }
  ]
}
