{
  "type": "minecraft:generic",
  "pools": [
    {
      "rolls": 1,
      "entries": [
        {
          "type": "minecraft:loot_table",
          "value": "gm4_combat_expanded:armor/identification/base",
          "functions": [
            {
              "function": "minecraft:set_custom_data",
              "tag": "{gm4_combat_expanded:{modifier:74}}"
            }
          ]
        }
      ],
      "functions": [
        {
          "function": "minecraft:copy_nbt",
          "source": {
            "type": "minecraft:storage",
            "source": "gm4_combat_expanded:temp"
          },
          "ops": [
            {
              "source": "armor",
              "target": "gm4_combat_expanded.level",
              "op": "replace"
            },
            {
              "source": "level",
              "target": "gm4_combat_expanded.level2",
              "op": "replace"
            }
          ]
        },
        {
          "function": "minecraft:set_lore",
          "mode": "append",
          "lore": [
            ""
          ]
        },
        {
          "function": "minecraft:set_lore",
          "mode": "append",
          "lore": [
            {
              "translate": "item.gm4.combat_expanded.lore.equip",
              "fallback": "When Equipped:",
              "color": "gray",
              "italic": false
            }
          ]
        },
        {
          "function": "minecraft:set_lore",
          "mode": "append",
          "entity": "this",
          "lore": [
            {
              "translate": "item.gm4.combat_expanded.lore.mount",
              "fallback": "%s (Mount)",
              "with": [
                {
                  "translate": "effect.minecraft.speed"
                }
              ],
              "color": "blue",
              "italic": false
            }
          ],
          "conditions": [
            {
              "condition": "minecraft:value_check",
              "value": {
                "type": "minecraft:score",
                "target": {
                  "type": "minecraft:fixed",
                  "name": "$armor"
                },
                "score": "gm4_ce_data"
              },
              "range": 1
            }
          ]
        },
        {
          "function": "minecraft:set_lore",
          "mode": "append",
          "entity": "this",
          "lore": [
            {
              "translate": "item.gm4.combat_expanded.lore.mount",
              "fallback": "%s (Mount)",
              "with": [
                {
                  "translate": "potion.withAmplifier",
                  "with": [
                    {
                      "translate": "effect.minecraft.speed"
                    },
                    {
                      "translate": "potion.potency.1"
                    }
                  ]
                }
              ],
              "color": "blue",
              "italic": false
            }
          ],
          "conditions": [
            {
              "condition": "minecraft:value_check",
              "value": {
                "type": "minecraft:score",
                "target": {
                  "type": "minecraft:fixed",
                  "name": "$armor"
                },
                "score": "gm4_ce_data"
              },
              "range": 2
            }
          ]
        },
        {
          "function": "minecraft:set_lore",
          "mode": "append",
          "entity": "this",
          "lore": [
            {
              "translate": "item.gm4.combat_expanded.lore.mount",
              "fallback": "%s (Mount)",
              "with": [
                {
                  "translate": "potion.withAmplifier",
                  "with": [
                    {
                      "translate": "effect.minecraft.speed"
                    },
                    {
                      "translate": "potion.potency.2"
                    }
                  ]
                }
              ],
              "color": "blue",
              "italic": false
            }
          ],
          "conditions": [
            {
              "condition": "minecraft:value_check",
              "value": {
                "type": "minecraft:score",
                "target": {
                  "type": "minecraft:fixed",
                  "name": "$armor"
                },
                "score": "gm4_ce_data"
              },
              "range": 3
            }
          ]
        },
        {
          "function": "minecraft:set_lore",
          "mode": "append",
          "entity": "this",
          "lore": [
            [
              {
                "translate": "item.gm4.combat_expanded.lore.horse_description",
                "fallback": "%s stacks like Enchantments (2x %s = %s)",
                "with": [
                  {
                    "translate": "effect.minecraft.speed"
                  },
                  {
                    "translate": "potion.potency.1"
                  },
                  {
                    "translate": "potion.potency.2"
                  }
                ],
                "color": "dark_gray",
                "italic": false
              }
            ]
          ]
        },
        {
          "function": "minecraft:set_lore",
          "mode": "append",
          "entity": "this",
          "lore": [
            {
              "translate": "item.gm4.combat_expanded.lore.mount",
              "fallback": "%s (Mount)",
              "with": [
                {
                  "translate": "potion.withAmplifier",
                  "with": [
                    {
                      "translate": "effect.minecraft.resistance"
                    },
                    {
                      "translate": "potion.potency.1"
                    }
                  ]
                }
              ],
              "color": "blue",
              "italic": false
            }
          ],
          "conditions": [
            {
              "condition": "minecraft:value_check",
              "value": {
                "type": "minecraft:score",
                "target": {
                  "type": "minecraft:fixed",
                  "name": "$damage"
                },
                "score": "gm4_ce_data"
              },
              "range": 5
            }
          ]
        },
        {
          "function": "minecraft:set_lore",
          "mode": "append",
          "entity": "this",
          "lore": [
            {
              "translate": "item.gm4.combat_expanded.lore.mount",
              "fallback": "%s (Mount)",
              "with": [
                {
                  "translate": "potion.withAmplifier",
                  "with": [
                    {
                      "translate": "effect.minecraft.jump_boost"
                    },
                    {
                      "translate": "potion.potency.1"
                    }
                  ]
                }
              ],
              "color": "blue",
              "italic": false
            }
          ],
          "conditions": [
            {
              "condition": "minecraft:value_check",
              "value": {
                "type": "minecraft:score",
                "target": {
                  "type": "minecraft:fixed",
                  "name": "$damage"
                },
                "score": "gm4_ce_data"
              },
              "range": 10
            }
          ]
        },
        {
          "function": "minecraft:set_lore",
          "mode": "append",
          "entity": "this",
          "lore": [
            {
              "translate": "item.gm4.combat_expanded.lore.mount",
              "fallback": "%s (Mount)",
              "with": [
                {
                  "translate": "effect.minecraft.fire_resistance"
                }
              ],
              "color": "blue",
              "italic": false
            }
          ],
          "conditions": [
            {
              "condition": "minecraft:value_check",
              "value": {
                "type": "minecraft:score",
                "target": {
                  "type": "minecraft:fixed",
                  "name": "$damage"
                },
                "score": "gm4_ce_data"
              },
              "range": 15
            }
          ]
        },
        {
          "function": "minecraft:set_lore",
          "mode": "append",
          "entity": "this",
          "lore": [
            {
              "translate": "item.gm4.combat_expanded.lore.mount",
              "fallback": "%s (Mount)",
              "with": [
                {
                  "translate": "effect.minecraft.regeneration"
                }
              ],
              "color": "blue",
              "italic": false
            }
          ],
          "conditions": [
            {
              "condition": "minecraft:value_check",
              "value": {
                "type": "minecraft:score",
                "target": {
                  "type": "minecraft:fixed",
                  "name": "$damage"
                },
                "score": "gm4_ce_data"
              },
              "range": 20
            }
          ]
        },
        {
          "function": "minecraft:set_name",
          "entity": "this",
          "name": [
            {
              "translate": "item.gm4.combat_expanded.name.horse",
              "fallback": "Equestrian %s",
              "with": [
                {
                  "nbt": "components.'minecraft:custom_data'.gm4_combat_expanded.name",
                  "storage": "gm4_combat_expanded:temp",
                  "interpret": true
                }
              ],
              "italic": false
            }
          ]
        }
      ]
    }
  ]
}
