{
  "type": "minecraft:generic",
  "pools": [
    {
      "rolls": 1,
      "entries": [
        {
          "type": "minecraft:loot_table",
          "value": "gm4_combat_expanded:armor/identification/base",
          "functions": [
            {
              "function": "minecraft:set_attributes",
              "modifiers": [
                {
                  "attribute": "minecraft:generic.attack_damage",
                  "name": "gm4_combat_expanded",
                  "amount": 0,
                  "operation": "add_value",
                  "slot": "chest"
                },
                {
                  "attribute": "minecraft:generic.armor",
                  "name": "gm4_combat_expanded_2",
                  "amount": 0,
                  "operation": "add_value",
                  "slot": "chest"
                }
              ]
            },
            {
              "function": "minecraft:set_custom_data",
              "tag": "{gm4_combat_expanded:{modifier:37,active:0,deactivates_at:0}}"
            },
            {
              "function": "minecraft:copy_nbt",
              "source": {
                "type": "minecraft:storage",
                "source": "gm4_combat_expanded:temp"
              },
              "ops": [
                {
                  "source": "tag.AttributeModifiers[{Name:\"generic.armor\"}].Slot",
                  "target": "AttributeModifiers[{Name:\"gm4_combat_expanded\"}].Slot",
                  "op": "replace"
                },
                {
                  "source": "tag.AttributeModifiers[{Name:\"generic.armor\"}].Slot",
                  "target": "AttributeModifiers[{Name:\"gm4_combat_expanded_2\"}].Slot",
                  "op": "replace"
                }
              ]
            }
          ]
        }
      ],
      "functions": [
        {
          "function": "minecraft:set_lore",
          "mode": "append",
          "lore": [
            ""
          ]
        },
        {
          "function": "minecraft:set_lore",
          "mode": "append",
          "lore": [
            {
              "translate": "item.gm4.combat_expanded.lore.killing",
              "fallback": "When Killing:",
              "color": "gray",
              "italic": false
            }
          ]
        },
        {
          "function": "minecraft:set_lore",
          "mode": "append",
          "lore": [
            {
              "translate": "potion.withDuration",
              "with": [
                {
                  "translate": "attribute.modifier.plus.0",
                  "with": [
                    [
                      {
                        "text": "0.5"
                      }
                    ],
                    {
                      "translate": "attribute.name.generic.attack_damage"
                    }
                  ]
                },
                "0:15"
              ],
              "color": "blue",
              "italic": false
            }
          ]
        },
        {
          "function": "minecraft:set_lore",
          "mode": "append",
          "lore": [
            {
              "translate": "potion.withDuration",
              "with": [
                {
                  "translate": "attribute.modifier.take.0",
                  "with": [
                    [
                      {
                        "text": "1"
                      }
                    ],
                    {
                      "translate": "attribute.name.generic.armor"
                    }
                  ]
                },
                "0:15"
              ],
              "color": "red",
              "italic": false
            }
          ]
        },
        {
          "function": "minecraft:set_lore",
          "mode": "append",
          "entity": "this",
          "lore": [
            [
              {
                "translate": "item.gm4.combat_expanded.lore.reckless_description",
                "fallback": "Cannot go below 0 %s",
                "with": [
                  {
                    "translate": "attribute.name.generic.armor"
                  }
                ],
                "color": "dark_gray",
                "italic": false
              }
            ]
          ]
        },
        {
          "function": "minecraft:set_name",
          "entity": "this",
          "name": [
            {
              "translate": "item.gm4.combat_expanded.name.reckless",
              "fallback": "Reckless %s",
              "with": [
                {
                  "nbt": "components.'minecraft:custom_data'.gm4_combat_expanded.name",
                  "storage": "gm4_combat_expanded:temp",
                  "interpret": true
                }
              ],
              "italic": false,
              "color": "yellow"
            }
          ]
        }
      ]
    }
  ]
}
