{
  "type": "minecraft:generic",
  "pools": [
    {
      "rolls": 1,
      "entries": [
        {
          "type": "minecraft:loot_table",
          "value": "gm4_combat_expanded:armor/identification/base",
          "functions": [
            {
              "function": "minecraft:set_attributes",
              "modifiers": [
                {
                  "attribute": "minecraft:generic.movement_speed",
                  "name": "gm4_combat_expanded",
                  "amount": 0,
                  "operation": "add_multiplied_base",
                  "slot": "chest"
                }
              ]
            },
            {
              "function": "minecraft:set_custom_data",
              "tag": "{gm4_combat_expanded:{modifier:10,active:0}}"
            },
            {
              "function": "minecraft:copy_nbt",
              "source": {
                "type": "minecraft:storage",
                "source": "gm4_combat_expanded:temp"
              },
              "ops": [
                {
                  "source": "atkspeed",
                  "target": "gm4_combat_expanded.level",
                  "op": "replace"
                }
              ]
            },
            {
              "function": "minecraft:copy_nbt",
              "source": {
                "type": "minecraft:storage",
                "source": "gm4_combat_expanded:temp"
              },
              "ops": [
                {
                  "source": "tag.AttributeModifiers[{Name:\"generic.armor\"}].Slot",
                  "target": "AttributeModifiers[{Name:\"gm4_combat_expanded\"}].Slot",
                  "op": "replace"
                }
              ]
            }
          ]
        }
      ],
      "functions": [
        {
          "function": "minecraft:set_lore",
          "mode": "append",
          "lore": [
            ""
          ]
        },
        {
          "function": "minecraft:set_lore",
          "mode": "append",
          "lore": [
            {
              "translate": "item.gm4.combat_expanded.lore.safe",
              "fallback": "When Not Under Attack:",
              "color": "gray",
              "italic": false
            }
          ]
        },
        {
          "function": "minecraft:set_lore",
          "mode": "append",
          "entity": "this",
          "lore": [
            [
              {
                "translate": "attribute.modifier.plus.1",
                "with": [
                  {
                    "score": {
                      "name": "$atkspeed",
                      "objective": "gm4_ce_data"
                    }
                  },
                  {
                    "translate": "attribute.name.generic.movement_speed"
                  }
                ],
                "color": "blue",
                "italic": false
              }
            ]
          ]
        },
        {
          "function": "minecraft:set_name",
          "entity": "this",
          "name": [
            {
              "translate": "item.gm4.combat_expanded.name.scout",
              "fallback": "Scouting %s",
              "with": [
                {
                  "nbt": "components.'minecraft:custom_data'.gm4_combat_expanded.name",
                  "storage": "gm4_combat_expanded:temp",
                  "interpret": true
                }
              ],
              "italic": false
            }
          ]
        }
      ]
    }
  ]
}
