{
  "type": "minecraft:generic",
  "pools": [
    {
      "rolls": 1,
      "entries": [
        {
          "type": "minecraft:loot_table",
          "value": "gm4_combat_expanded:armor/identification/base",
          "functions": [
            {
              "function": "minecraft:set_attributes",
              "modifiers": [
                {
                  "attribute": "minecraft:generic.armor",
                  "name": "gm4_ce_perm",
                  "amount": {
                    "type": "minecraft:score",
                    "target": {
                      "type": "minecraft:fixed",
                      "name": "$armor-"
                    },
                    "score": "gm4_ce_data"
                  },
                  "operation": "add_value",
                  "slot": "chest"
                }
              ]
            },
            {
              "function": "minecraft:copy_nbt",
              "source": {
                "type": "minecraft:storage",
                "source": "gm4_combat_expanded:temp"
              },
              "ops": [
                {
                  "source": "tag.AttributeModifiers[{Name:\"generic.armor\"}].Slot",
                  "target": "AttributeModifiers[{Name:\"gm4_ce_perm\"}].Slot",
                  "op": "replace"
                }
              ]
            },
            {
              "function": "minecraft:set_custom_data",
              "tag": "{gm4_combat_expanded:{modifier:21}}"
            },
            {
              "function": "minecraft:copy_nbt",
              "source": {
                "type": "minecraft:storage",
                "source": "gm4_combat_expanded:temp"
              },
              "ops": [
                {
                  "source": "damage",
                  "target": "gm4_combat_expanded.level2",
                  "op": "replace"
                }
              ]
            }
          ]
        }
      ],
      "functions": [
        {
          "function": "minecraft:set_lore",
          "mode": "append",
          "lore": [
            ""
          ]
        },
        {
          "function": "minecraft:set_lore",
          "mode": "append",
          "lore": [
            {
              "translate": "item.gm4.combat_expanded.lore.unsafe",
              "fallback": "When Under Attack:",
              "color": "gray",
              "italic": false
            }
          ]
        },
        {
          "function": "minecraft:set_lore",
          "mode": "append",
          "entity": "this",
          "lore": [
            [
              {
                "translate": "item.gm4.combat_expanded.lore.second_wind",
                "fallback": "Store %s of Damage",
                "with": [
                  {
                    "text": "10%"
                  }
                ],
                "color": "blue",
                "italic": false
              }
            ]
          ],
          "conditions": [
            {
              "condition": "minecraft:value_check",
              "value": {
                "type": "minecraft:score",
                "target": {
                  "type": "minecraft:fixed",
                  "name": "$damage"
                },
                "score": "gm4_ce_data"
              },
              "range": 5
            }
          ]
        },
        {
          "function": "minecraft:set_lore",
          "mode": "append",
          "entity": "this",
          "lore": [
            [
              {
                "translate": "item.gm4.combat_expanded.lore.second_wind",
                "fallback": "Store %s of Damage",
                "with": [
                  {
                    "text": "20%"
                  }
                ],
                "color": "blue",
                "italic": false
              }
            ]
          ],
          "conditions": [
            {
              "condition": "minecraft:value_check",
              "value": {
                "type": "minecraft:score",
                "target": {
                  "type": "minecraft:fixed",
                  "name": "$damage"
                },
                "score": "gm4_ce_data"
              },
              "range": 10
            }
          ]
        },
        {
          "function": "minecraft:set_lore",
          "mode": "append",
          "entity": "this",
          "lore": [
            [
              {
                "translate": "item.gm4.combat_expanded.lore.second_wind",
                "fallback": "Store %s of Damage",
                "with": [
                  {
                    "text": "30%"
                  }
                ],
                "color": "blue",
                "italic": false
              }
            ]
          ],
          "conditions": [
            {
              "condition": "minecraft:value_check",
              "value": {
                "type": "minecraft:score",
                "target": {
                  "type": "minecraft:fixed",
                  "name": "$damage"
                },
                "score": "gm4_ce_data"
              },
              "range": 15
            }
          ]
        },
        {
          "function": "minecraft:set_lore",
          "mode": "append",
          "entity": "this",
          "lore": [
            [
              {
                "translate": "item.gm4.combat_expanded.lore.second_wind",
                "fallback": "Store %s of Damage",
                "with": [
                  {
                    "text": "40%"
                  }
                ],
                "color": "blue",
                "italic": false
              }
            ]
          ],
          "conditions": [
            {
              "condition": "minecraft:value_check",
              "value": {
                "type": "minecraft:score",
                "target": {
                  "type": "minecraft:fixed",
                  "name": "$damage"
                },
                "score": "gm4_ce_data"
              },
              "range": 20
            }
          ]
        },
        {
          "function": "minecraft:set_lore",
          "mode": "append",
          "lore": [
            ""
          ]
        },
        {
          "function": "minecraft:set_lore",
          "mode": "append",
          "lore": [
            {
              "translate": "item.gm4.combat_expanded.lore.safe",
              "fallback": "When Not Under Attack:",
              "color": "gray",
              "italic": false
            }
          ]
        },
        {
          "function": "minecraft:set_lore",
          "mode": "append",
          "entity": "this",
          "lore": [
            [
              {
                "translate": "item.gm4.combat_expanded.lore.second_wind_2",
                "fallback": "Restore Stored Health",
                "color": "blue",
                "italic": false
              }
            ]
          ]
        },
        {
          "function": "minecraft:set_name",
          "entity": "this",
          "name": [
            {
              "translate": "item.gm4.combat_expanded.name.second_wind",
              "fallback": "Rejuvenating %s",
              "with": [
                {
                  "nbt": "components.'minecraft:custom_data'.gm4_combat_expanded.name",
                  "storage": "gm4_combat_expanded:temp",
                  "interpret": true
                }
              ],
              "italic": false
            }
          ]
        }
      ]
    }
  ]
}
