{
  "type": "minecraft:generic",
  "pools": [
    {
      "rolls": 1,
      "entries": [
        {
          "type": "minecraft:loot_table",
          "value": "gm4_combat_expanded:armor/identification/base",
          "functions": [
            {
              "function": "minecraft:set_attributes",
              "modifiers": [
                {
                  "attribute": "minecraft:generic.attack_speed",
                  "name": "gm4_combat_expanded",
                  "amount": 0,
                  "operation": "add_multiplied_base",
                  "slot": "chest"
                },
                {
                  "attribute": "minecraft:generic.movement_speed",
                  "name": "gm4_combat_expanded_2",
                  "amount": 0,
                  "operation": "add_multiplied_base",
                  "slot": "chest"
                }
              ]
            },
            {
              "function": "minecraft:copy_nbt",
              "source": {
                "type": "minecraft:storage",
                "source": "gm4_combat_expanded:temp"
              },
              "ops": [
                {
                  "source": "armor",
                  "target": "gm4_combat_expanded.level",
                  "op": "replace"
                },
                {
                  "source": "speed",
                  "target": "gm4_combat_expanded.level2",
                  "op": "replace"
                },
                {
                  "source": "tag.AttributeModifiers[{Name:\"generic.armor\"}].Slot",
                  "target": "AttributeModifiers[{Name:\"gm4_combat_expanded\"}].Slot",
                  "op": "replace"
                },
                {
                  "source": "tag.AttributeModifiers[{Name:\"generic.armor\"}].Slot",
                  "target": "AttributeModifiers[{Name:\"gm4_combat_expanded_2\"}].Slot",
                  "op": "replace"
                }
              ]
            },
            {
              "function": "minecraft:set_custom_data",
              "tag": "{gm4_combat_expanded:{modifier:12,active:0,stop_time:0}}"
            }
          ]
        }
      ],
      "functions": [
        {
          "function": "minecraft:set_lore",
          "mode": "append",
          "lore": [
            ""
          ]
        },
        {
          "function": "minecraft:set_lore",
          "mode": "append",
          "lore": [
            {
              "translate": "item.gm4.combat_expanded.lore.safe",
              "fallback": "When Not Under Attack:",
              "color": "gray",
              "italic": false
            }
          ]
        },
        {
          "function": "minecraft:set_lore",
          "mode": "append",
          "lore": [
            {
              "translate": "item.gm4.combat_expanded.lore.sneak",
              "fallback": "If Sneaking:",
              "color": "dark_gray",
              "italic": false
            }
          ]
        },
        {
          "function": "minecraft:set_lore",
          "mode": "append",
          "entity": "this",
          "lore": [
            [
              {
                "translate": "potion.withAmplifier",
                "with": [
                  {
                    "translate": "effect.minecraft.invisibility"
                  },
                  {
                    "translate": "potion.potency.0"
                  }
                ],
                "color": "blue",
                "italic": false
              }
            ]
          ]
        },
        {
          "function": "minecraft:set_lore",
          "mode": "append",
          "lore": [
            {
              "translate": "item.gm4.combat_expanded.lore.sneak_2",
              "fallback": "Stop Sneaking:",
              "color": "dark_gray",
              "italic": false
            }
          ]
        },
        {
          "function": "minecraft:set_lore",
          "mode": "append",
          "entity": "this",
          "lore": [
            [
              {
                "translate": "potion.withDuration",
                "with": [
                  {
                    "translate": "attribute.modifier.plus.1",
                    "with": [
                      {
                        "text": "25"
                      },
                      {
                        "translate": "attribute.name.generic.attack_speed"
                      }
                    ]
                  },
                  "0:04"
                ],
                "color": "blue",
                "italic": false
              }
            ]
          ],
          "conditions": [
            {
              "condition": "minecraft:value_check",
              "value": {
                "type": "minecraft:score",
                "target": {
                  "type": "minecraft:fixed",
                  "name": "$armor"
                },
                "score": "gm4_ce_data"
              },
              "range": 1
            }
          ]
        },
        {
          "function": "minecraft:set_lore",
          "mode": "append",
          "entity": "this",
          "lore": [
            [
              {
                "translate": "potion.withDuration",
                "with": [
                  {
                    "translate": "attribute.modifier.plus.1",
                    "with": [
                      {
                        "text": "50"
                      },
                      {
                        "translate": "attribute.name.generic.attack_speed"
                      }
                    ]
                  },
                  "0:04"
                ],
                "color": "blue",
                "italic": false
              }
            ]
          ],
          "conditions": [
            {
              "condition": "minecraft:value_check",
              "value": {
                "type": "minecraft:score",
                "target": {
                  "type": "minecraft:fixed",
                  "name": "$armor"
                },
                "score": "gm4_ce_data"
              },
              "range": 2
            }
          ]
        },
        {
          "function": "minecraft:set_lore",
          "mode": "append",
          "entity": "this",
          "lore": [
            [
              {
                "translate": "potion.withDuration",
                "with": [
                  {
                    "translate": "attribute.modifier.plus.1",
                    "with": [
                      {
                        "text": "75"
                      },
                      {
                        "translate": "attribute.name.generic.attack_speed"
                      }
                    ]
                  },
                  "0:04"
                ],
                "color": "blue",
                "italic": false
              }
            ]
          ],
          "conditions": [
            {
              "condition": "minecraft:value_check",
              "value": {
                "type": "minecraft:score",
                "target": {
                  "type": "minecraft:fixed",
                  "name": "$armor"
                },
                "score": "gm4_ce_data"
              },
              "range": 3
            }
          ]
        },
        {
          "function": "minecraft:set_lore",
          "mode": "append",
          "entity": "this",
          "lore": [
            [
              {
                "translate": "potion.withDuration",
                "with": [
                  {
                    "translate": "attribute.modifier.plus.1",
                    "with": [
                      {
                        "score": {
                          "name": "$speed",
                          "objective": "gm4_ce_data"
                        }
                      },
                      {
                        "translate": "attribute.name.generic.movement_speed"
                      }
                    ]
                  },
                  "0:04"
                ],
                "color": "blue",
                "italic": false
              }
            ]
          ]
        },
        {
          "function": "minecraft:set_name",
          "entity": "this",
          "name": [
            {
              "translate": "item.gm4.combat_expanded.name.sneak",
              "fallback": "Sly %s",
              "with": [
                {
                  "nbt": "components.'minecraft:custom_data'.gm4_combat_expanded.name",
                  "storage": "gm4_combat_expanded:temp",
                  "interpret": true
                }
              ],
              "italic": false
            }
          ]
        }
      ]
    }
  ]
}
