{
  "type": "minecraft:generic",
  "pools": [
    {
      "rolls": 1,
      "entries": [
        {
          "type": "minecraft:loot_table",
          "value": "gm4_combat_expanded:armor/identification/base",
          "functions": [
            {
              "function": "minecraft:set_custom_data",
              "tag": "{gm4_combat_expanded:{modifier:34}}"
            },
            {
              "function": "minecraft:copy_nbt",
              "source": {
                "type": "minecraft:storage",
                "source": "gm4_combat_expanded:temp"
              },
              "ops": [
                {
                  "source": "level",
                  "target": "gm4_combat_expanded.level",
                  "op": "replace"
                }
              ]
            }
          ]
        }
      ],
      "functions": [
        {
          "function": "minecraft:set_lore",
          "mode": "append",
          "lore": [
            ""
          ]
        },
        {
          "function": "minecraft:set_lore",
          "mode": "append",
          "lore": [
            {
              "translate": "item.gm4.combat_expanded.lore.killing",
              "fallback": "When Killing:",
              "color": "gray",
              "italic": false
            }
          ]
        },
        {
          "function": "minecraft:set_lore",
          "mode": "append",
          "entity": "this",
          "lore": [
            [
              {
                "translate": "item.gm4.combat_expanded.lore.totem",
                "fallback": "%s Totem",
                "with": [
                  {
                    "translate": "effect.minecraft.regeneration"
                  }
                ],
                "color": "blue",
                "italic": false
              }
            ]
          ],
          "conditions": [
            {
              "condition": "minecraft:value_check",
              "value": {
                "type": "minecraft:score",
                "target": {
                  "type": "minecraft:fixed",
                  "name": "$damage"
                },
                "score": "gm4_ce_data"
              },
              "range": 5
            }
          ]
        },
        {
          "function": "minecraft:set_lore",
          "mode": "append",
          "entity": "this",
          "lore": [
            [
              {
                "translate": "item.gm4.combat_expanded.lore.totem",
                "fallback": "%s Totem",
                "with": [
                  {
                    "translate": "effect.minecraft.resistance"
                  }
                ],
                "color": "blue",
                "italic": false
              }
            ]
          ],
          "conditions": [
            {
              "condition": "minecraft:value_check",
              "value": {
                "type": "minecraft:score",
                "target": {
                  "type": "minecraft:fixed",
                  "name": "$damage"
                },
                "score": "gm4_ce_data"
              },
              "range": 10
            }
          ]
        },
        {
          "function": "minecraft:set_lore",
          "mode": "append",
          "entity": "this",
          "lore": [
            [
              {
                "translate": "item.gm4.combat_expanded.lore.totem",
                "fallback": "%s Totem",
                "with": [
                  {
                    "translate": "effect.minecraft.speed"
                  }
                ],
                "color": "blue",
                "italic": false
              }
            ]
          ],
          "conditions": [
            {
              "condition": "minecraft:value_check",
              "value": {
                "type": "minecraft:score",
                "target": {
                  "type": "minecraft:fixed",
                  "name": "$damage"
                },
                "score": "gm4_ce_data"
              },
              "range": 15
            }
          ]
        },
        {
          "function": "minecraft:set_lore",
          "mode": "append",
          "entity": "this",
          "lore": [
            [
              {
                "translate": "item.gm4.combat_expanded.lore.totem",
                "fallback": "%s Totem",
                "with": [
                  {
                    "translate": "effect.minecraft.strength"
                  }
                ],
                "color": "blue",
                "italic": false
              }
            ]
          ],
          "conditions": [
            {
              "condition": "minecraft:value_check",
              "value": {
                "type": "minecraft:score",
                "target": {
                  "type": "minecraft:fixed",
                  "name": "$damage"
                },
                "score": "gm4_ce_data"
              },
              "range": 20
            }
          ]
        },
        {
          "function": "minecraft:set_name",
          "entity": "this",
          "name": [
            {
              "translate": "item.gm4.combat_expanded.name.totem",
              "fallback": "Totemic %s",
              "with": [
                {
                  "nbt": "components.'minecraft:custom_data'.gm4_combat_expanded.name",
                  "storage": "gm4_combat_expanded:temp",
                  "interpret": true
                }
              ],
              "italic": false,
              "color": "yellow"
            }
          ]
        }
      ]
    }
  ]
}
