{
  "type": "minecraft:generic",
  "pools": [
    {
      "rolls": 1,
      "entries": [
        {
          "type": "minecraft:loot_table",
          "value": "gm4_combat_expanded:armor/identification/base",
          "functions": [
            {
              "function": "minecraft:set_attributes",
              "modifiers": [
                {
                  "attribute": "minecraft:generic.armor",
                  "name": "gm4_ce_perm",
                  "amount": {
                    "type": "minecraft:score",
                    "target": {
                      "type": "minecraft:fixed",
                      "name": "$armor-"
                    },
                    "score": "gm4_ce_data",
                    "scale": 1
                  },
                  "operation": "add_value",
                  "slot": "chest"
                }
              ]
            },
            {
              "function": "minecraft:copy_nbt",
              "source": {
                "type": "minecraft:storage",
                "source": "gm4_combat_expanded:temp"
              },
              "ops": [
                {
                  "source": "tag.AttributeModifiers[{Name:\"generic.armor\"}].Slot",
                  "target": "AttributeModifiers[{Name:\"gm4_ce_perm\"}].Slot",
                  "op": "replace"
                }
              ]
            },
            {
              "function": "minecraft:set_custom_data",
              "tag": "{gm4_combat_expanded:{modifier:\"toxic\"}}"
            },
            {
              "function": "minecraft:copy_nbt",
              "source": {
                "type": "minecraft:storage",
                "source": "gm4_combat_expanded:temp"
              },
              "ops": [
                {
                  "source": "armor",
                  "target": "gm4_combat_expanded.level",
                  "op": "replace"
                }
              ]
            }
          ]
        }
      ],
      "functions": [
        {
          "function": "minecraft:set_lore",
          "mode": "append",
          "lore": [
            ""
          ]
        },
        {
          "function": "minecraft:set_lore",
          "mode": "append",
          "lore": [
            {
              "translate": "item.gm4.combat_expanded.lore.unsafe",
              "fallback": "When Under Attack:",
              "color": "gray",
              "italic": false
            }
          ]
        },
        {
          "function": "minecraft:set_lore",
          "mode": "append",
          "entity": "this",
          "lore": [
            [
              {
                "translate": "potion.withDuration",
                "with": [
                  [
                    {
                      "translate": "attribute.gm4.combat_expanded.toxic",
                      "fallback": "%s %s",
                      "with": [
                        {
                          "translate": "effect.minecraft.poison"
                        },
                        {
                          "translate": "enchantment.minecraft.thorns"
                        }
                      ]
                    }
                  ],
                  "0:06"
                ],
                "color": "blue",
                "italic": false
              }
            ]
          ],
          "conditions": [
            {
              "condition": "minecraft:value_check",
              "value": {
                "type": "minecraft:score",
                "target": {
                  "type": "minecraft:fixed",
                  "name": "$armor"
                },
                "score": "gm4_ce_data"
              },
              "range": 1
            }
          ]
        },
        {
          "function": "minecraft:set_lore",
          "mode": "append",
          "entity": "this",
          "lore": [
            [
              {
                "translate": "potion.withDuration",
                "with": [
                  [
                    {
                      "translate": "attribute.gm4.combat_expanded.toxic",
                      "fallback": "%s %s",
                      "with": [
                        {
                          "translate": "effect.minecraft.weakness"
                        },
                        {
                          "translate": "enchantment.minecraft.thorns"
                        }
                      ]
                    }
                  ],
                  "0:10"
                ],
                "color": "blue",
                "italic": false
              }
            ]
          ],
          "conditions": [
            {
              "condition": "minecraft:value_check",
              "value": {
                "type": "minecraft:score",
                "target": {
                  "type": "minecraft:fixed",
                  "name": "$armor"
                },
                "score": "gm4_ce_data"
              },
              "range": 2
            }
          ]
        },
        {
          "function": "minecraft:set_lore",
          "mode": "append",
          "entity": "this",
          "lore": [
            [
              {
                "translate": "attribute.gm4.combat_expanded.toxic",
                "fallback": "%s %s",
                "with": [
                  {
                    "translate": "effect.minecraft.instant_health"
                  },
                  {
                    "translate": "enchantment.minecraft.thorns"
                  }
                ],
                "color": "blue",
                "italic": false
              }
            ]
          ],
          "conditions": [
            {
              "condition": "minecraft:value_check",
              "value": {
                "type": "minecraft:score",
                "target": {
                  "type": "minecraft:fixed",
                  "name": "$armor"
                },
                "score": "gm4_ce_data"
              },
              "range": 3
            }
          ]
        },
        {
          "function": "minecraft:set_name",
          "entity": "this",
          "name": [
            {
              "translate": "item.gm4.combat_expanded.name.toxic",
              "fallback": "Coated %s",
              "with": [
                {
                  "nbt": "components.'minecraft:custom_data'.gm4_combat_expanded.name",
                  "storage": "gm4_combat_expanded:temp",
                  "interpret": true
                }
              ],
              "italic": false
            }
          ]
        }
      ]
    }
  ]
}
