{
  "display": {
    "icon": {
      "id": "shears",
      "components": {
        "minecraft:custom_model_data": 3420001
      }
    },
    "title": {
      "translate": "advancement.gm4.tnt_landmines.title",
      "fallback": "Bomb Defused"
    },
    "description": {
      "translate": "advancement.gm4.tnt_landmines.description",
      "fallback": "Disarm a landmine",
      "color": "gray"
    }
  },
  "parent": "gm4:root",
  "criteria": {
    "impossible": {
      "trigger": "minecraft:impossible",
      "conditions": {
        "player": [
          {
            "condition": "minecraft:value_check",
            "value": {
              "type": "minecraft:score",
              "target": {
                "type": "minecraft:fixed",
                "name": "gm4_tnt_landmines"
              },
              "score": "load.status"
            },
            "range": {
              "min": 1
            }
          }
        ]
      }
    }
  }
}
