{
  "type": "minecraft:generic",
  "pools": [
    {
      "rolls": 8,
      "entries": [
        {
          "type": "minecraft:item",
          "name": "minecraft:air"
        }
      ]
    },
    {
      "rolls": 1,
      "entries": [
        {
          "type": "minecraft:loot_table",
          "value": "gm4_trapped_signs:items/trapped_jungle_sign",
          "functions": [
            {
              "function": "minecraft:set_count",
              "count": 1
            }
          ]
        }
      ]
    }
  ]
}
