{
  "type": "minecraft:generic",
  "pools": [
    {
      "rolls": 1,
      "entries": [
        {
          "type": "minecraft:item",
          "name": "minecraft:wooden_sword",
          "functions": [
            {
              "function": "minecraft:copy_nbt",
              "source": {
                "type": "minecraft:storage",
                "source": "gm4_combat_expanded:temp"
              },
              "ops": [
                {
                  "source": "tag.Damage",
                  "target": "Damage",
                  "op": "replace"
                },
                {
                  "source": "tag.AttributeModifiers",
                  "target": "AttributeModifiers",
                  "op": "replace"
                },
                {
                  "source": "tag.Enchantments",
                  "target": "Enchantments",
                  "op": "replace"
                }
              ]
            },
            {
              "function": "minecraft:toggle_tooltips",
              "toggles": {
                "minecraft:attribute_modifiers": false
              }
            }
          ]
        }
      ]
    }
  ]
}
