{
  "pools": [
    {
      "rolls": 1,
      "entries": [
        {
          "type": "minecraft:alternatives",
          "children": [
            {
              "type": "minecraft:loot_table",
              "weight": 32,
              "value": "gm4_combat_expanded:weapon/identification/modifier/delay",
              "conditions": [
                {
                  "condition": "minecraft:any_of",
                  "terms": [
                    {
                      "condition": "minecraft:reference",
                      "name": "gm4_combat_expanded:mob/modifier/snowy"
                    },
                    {
                      "condition": "minecraft:reference",
                      "name": "gm4_combat_expanded:mob/modifier/toxic"
                    }
                  ]
                }
              ]
            },
            {
              "type": "minecraft:loot_table",
              "weight": 2,
              "value": "gm4_combat_expanded:weapon/identification/modifier/delay",
              "conditions": [
                {
                  "condition": "minecraft:any_of",
                  "terms": [
                    {
                      "condition": "minecraft:reference",
                      "name": "gm4_combat_expanded:mob/modifier/burned"
                    },
                    {
                      "condition": "minecraft:reference",
                      "name": "gm4_combat_expanded:mob/modifier/dark"
                    },
                    {
                      "condition": "minecraft:any_of",
                      "terms": [
                        {
                          "condition": "minecraft:location_check",
                          "predicate": {
                            "dimension": "minecraft:the_end"
                          }
                        },
                        {
                          "condition": "minecraft:location_check",
                          "predicate": {
                            "biomes": "minecraft:mushroom_fields"
                          }
                        },
                        {
                          "condition": "minecraft:location_check",
                          "predicate": {
                            "biomes": "minecraft:deep_dark"
                          }
                        }
                      ]
                    }
                  ]
                }
              ]
            },
            {
              "type": "minecraft:loot_table",
              "weight": 8,
              "value": "gm4_combat_expanded:weapon/identification/modifier/delay"
            }
          ]
        },
        {
          "type": "minecraft:alternatives",
          "children": [
            {
              "type": "minecraft:loot_table",
              "weight": 40,
              "value": "gm4_combat_expanded:weapon/identification/modifier/double",
              "conditions": [
                {
                  "condition": "minecraft:any_of",
                  "terms": [
                    {
                      "condition": "minecraft:location_check",
                      "predicate": {
                        "dimension": "minecraft:the_nether"
                      }
                    },
                    {
                      "condition": "minecraft:any_of",
                      "terms": [
                        {
                          "condition": "minecraft:location_check",
                          "predicate": {
                            "dimension": "minecraft:the_end"
                          }
                        },
                        {
                          "condition": "minecraft:location_check",
                          "predicate": {
                            "biomes": "minecraft:mushroom_fields"
                          }
                        },
                        {
                          "condition": "minecraft:location_check",
                          "predicate": {
                            "biomes": "minecraft:deep_dark"
                          }
                        }
                      ]
                    }
                  ]
                }
              ]
            },
            {
              "type": "minecraft:loot_table",
              "weight": 10,
              "value": "gm4_combat_expanded:weapon/identification/modifier/double"
            }
          ]
        },
        {
          "type": "minecraft:alternatives",
          "children": [
            {
              "type": "minecraft:loot_table",
              "weight": 160,
              "value": "gm4_combat_expanded:weapon/identification/modifier/fire",
              "conditions": [
                {
                  "condition": "minecraft:any_of",
                  "terms": [
                    {
                      "condition": "minecraft:reference",
                      "name": "gm4_combat_expanded:mob/modifier/burned"
                    },
                    {
                      "condition": "minecraft:reference",
                      "name": "gm4_combat_expanded:mob/modifier/dark"
                    },
                    {
                      "condition": "minecraft:location_check",
                      "predicate": {
                        "dimension": "minecraft:the_nether"
                      }
                    }
                  ]
                }
              ]
            },
            {
              "type": "minecraft:loot_table",
              "weight": 10,
              "value": "gm4_combat_expanded:weapon/identification/modifier/fire",
              "conditions": [
                {
                  "condition": "minecraft:any_of",
                  "terms": [
                    {
                      "condition": "minecraft:reference",
                      "name": "gm4_combat_expanded:mob/modifier/snowy"
                    },
                    {
                      "condition": "minecraft:reference",
                      "name": "gm4_combat_expanded:mob/modifier/flowering"
                    },
                    {
                      "condition": "minecraft:reference",
                      "name": "gm4_combat_expanded:mob/modifier/deep"
                    },
                    {
                      "condition": "minecraft:reference",
                      "name": "gm4_combat_expanded:mob/modifier/reef"
                    },
                    {
                      "condition": "minecraft:any_of",
                      "terms": [
                        {
                          "condition": "minecraft:location_check",
                          "predicate": {
                            "dimension": "minecraft:the_end"
                          }
                        },
                        {
                          "condition": "minecraft:location_check",
                          "predicate": {
                            "biomes": "minecraft:mushroom_fields"
                          }
                        },
                        {
                          "condition": "minecraft:location_check",
                          "predicate": {
                            "biomes": "minecraft:deep_dark"
                          }
                        }
                      ]
                    }
                  ]
                }
              ]
            },
            {
              "type": "minecraft:loot_table",
              "weight": 40,
              "value": "gm4_combat_expanded:weapon/identification/modifier/fire"
            }
          ]
        },
        {
          "type": "minecraft:alternatives",
          "children": [
            {
              "type": "minecraft:loot_table",
              "weight": 160,
              "value": "gm4_combat_expanded:weapon/identification/modifier/giant",
              "conditions": [
                {
                  "condition": "minecraft:any_of",
                  "terms": [
                    {
                      "condition": "minecraft:reference",
                      "name": "gm4_combat_expanded:mob/modifier/snowy"
                    },
                    {
                      "condition": "minecraft:reference",
                      "name": "gm4_combat_expanded:mob/modifier/deep"
                    },
                    {
                      "condition": "minecraft:reference",
                      "name": "gm4_combat_expanded:mob/modifier/reef"
                    }
                  ]
                }
              ]
            },
            {
              "type": "minecraft:loot_table",
              "weight": 10,
              "value": "gm4_combat_expanded:weapon/identification/modifier/giant",
              "conditions": [
                {
                  "condition": "minecraft:any_of",
                  "terms": [
                    {
                      "condition": "minecraft:reference",
                      "name": "gm4_combat_expanded:mob/modifier/burned"
                    },
                    {
                      "condition": "minecraft:reference",
                      "name": "gm4_combat_expanded:mob/modifier/flowering"
                    },
                    {
                      "condition": "minecraft:reference",
                      "name": "gm4_combat_expanded:mob/modifier/toxic"
                    },
                    {
                      "condition": "minecraft:any_of",
                      "terms": [
                        {
                          "condition": "minecraft:location_check",
                          "predicate": {
                            "dimension": "minecraft:the_end"
                          }
                        },
                        {
                          "condition": "minecraft:location_check",
                          "predicate": {
                            "biomes": "minecraft:mushroom_fields"
                          }
                        },
                        {
                          "condition": "minecraft:location_check",
                          "predicate": {
                            "biomes": "minecraft:deep_dark"
                          }
                        }
                      ]
                    }
                  ]
                }
              ]
            },
            {
              "type": "minecraft:loot_table",
              "weight": 40,
              "value": "gm4_combat_expanded:weapon/identification/modifier/giant"
            }
          ]
        },
        {
          "type": "minecraft:alternatives",
          "children": [
            {
              "type": "minecraft:loot_table",
              "weight": 160,
              "value": "gm4_combat_expanded:weapon/identification/modifier/heavy",
              "conditions": [
                {
                  "condition": "minecraft:any_of",
                  "terms": [
                    {
                      "condition": "minecraft:reference",
                      "name": "gm4_combat_expanded:mob/modifier/mountainous"
                    },
                    {
                      "condition": "minecraft:reference",
                      "name": "gm4_combat_expanded:mob/modifier/dark"
                    }
                  ]
                }
              ]
            },
            {
              "type": "minecraft:loot_table",
              "weight": 10,
              "value": "gm4_combat_expanded:weapon/identification/modifier/heavy",
              "conditions": [
                {
                  "condition": "minecraft:any_of",
                  "terms": [
                    {
                      "condition": "minecraft:reference",
                      "name": "gm4_combat_expanded:mob/modifier/toxic"
                    },
                    {
                      "condition": "minecraft:reference",
                      "name": "gm4_combat_expanded:mob/modifier/growth"
                    },
                    {
                      "condition": "minecraft:any_of",
                      "terms": [
                        {
                          "condition": "minecraft:location_check",
                          "predicate": {
                            "dimension": "minecraft:the_end"
                          }
                        },
                        {
                          "condition": "minecraft:location_check",
                          "predicate": {
                            "biomes": "minecraft:mushroom_fields"
                          }
                        },
                        {
                          "condition": "minecraft:location_check",
                          "predicate": {
                            "biomes": "minecraft:deep_dark"
                          }
                        }
                      ]
                    }
                  ]
                }
              ]
            },
            {
              "type": "minecraft:loot_table",
              "weight": 40,
              "value": "gm4_combat_expanded:weapon/identification/modifier/heavy"
            }
          ]
        },
        {
          "type": "minecraft:alternatives",
          "children": [
            {
              "type": "minecraft:loot_table",
              "weight": 32,
              "value": "gm4_combat_expanded:weapon/identification/modifier/lightning",
              "conditions": [
                {
                  "condition": "minecraft:any_of",
                  "terms": [
                    {
                      "condition": "minecraft:reference",
                      "name": "gm4_combat_expanded:mob/modifier/mountainous"
                    },
                    {
                      "condition": "minecraft:reference",
                      "name": "gm4_combat_expanded:mob/modifier/deep"
                    },
                    {
                      "condition": "minecraft:reference",
                      "name": "gm4_combat_expanded:mob/modifier/reef"
                    }
                  ]
                }
              ]
            },
            {
              "type": "minecraft:loot_table",
              "weight": 2,
              "value": "gm4_combat_expanded:weapon/identification/modifier/lightning",
              "conditions": [
                {
                  "condition": "minecraft:any_of",
                  "terms": [
                    {
                      "condition": "minecraft:reference",
                      "name": "gm4_combat_expanded:mob/modifier/flowering"
                    },
                    {
                      "condition": "minecraft:reference",
                      "name": "gm4_combat_expanded:mob/modifier/toxic"
                    },
                    {
                      "condition": "minecraft:reference",
                      "name": "gm4_combat_expanded:mob/modifier/dark"
                    },
                    {
                      "condition": "minecraft:location_check",
                      "predicate": {
                        "dimension": "minecraft:the_nether"
                      }
                    },
                    {
                      "condition": "minecraft:any_of",
                      "terms": [
                        {
                          "condition": "minecraft:location_check",
                          "predicate": {
                            "dimension": "minecraft:the_end"
                          }
                        },
                        {
                          "condition": "minecraft:location_check",
                          "predicate": {
                            "biomes": "minecraft:mushroom_fields"
                          }
                        },
                        {
                          "condition": "minecraft:location_check",
                          "predicate": {
                            "biomes": "minecraft:deep_dark"
                          }
                        }
                      ]
                    }
                  ]
                }
              ]
            },
            {
              "type": "minecraft:loot_table",
              "weight": 8,
              "value": "gm4_combat_expanded:weapon/identification/modifier/lightning"
            }
          ]
        },
        {
          "type": "minecraft:alternatives",
          "children": [
            {
              "type": "minecraft:loot_table",
              "weight": 160,
              "value": "gm4_combat_expanded:weapon/identification/modifier/pierce",
              "conditions": [
                {
                  "condition": "minecraft:any_of",
                  "terms": [
                    {
                      "condition": "minecraft:reference",
                      "name": "gm4_combat_expanded:mob/modifier/flowering"
                    },
                    {
                      "condition": "minecraft:reference",
                      "name": "gm4_combat_expanded:mob/modifier/growth"
                    }
                  ]
                }
              ]
            },
            {
              "type": "minecraft:loot_table",
              "weight": 10,
              "value": "gm4_combat_expanded:weapon/identification/modifier/pierce",
              "conditions": [
                {
                  "condition": "minecraft:any_of",
                  "terms": [
                    {
                      "condition": "minecraft:reference",
                      "name": "gm4_combat_expanded:mob/modifier/mountainous"
                    },
                    {
                      "condition": "minecraft:location_check",
                      "predicate": {
                        "dimension": "minecraft:the_nether"
                      }
                    },
                    {
                      "condition": "minecraft:any_of",
                      "terms": [
                        {
                          "condition": "minecraft:location_check",
                          "predicate": {
                            "dimension": "minecraft:the_end"
                          }
                        },
                        {
                          "condition": "minecraft:location_check",
                          "predicate": {
                            "biomes": "minecraft:mushroom_fields"
                          }
                        },
                        {
                          "condition": "minecraft:location_check",
                          "predicate": {
                            "biomes": "minecraft:deep_dark"
                          }
                        }
                      ]
                    }
                  ]
                }
              ]
            },
            {
              "type": "minecraft:loot_table",
              "weight": 40,
              "value": "gm4_combat_expanded:weapon/identification/modifier/pierce"
            }
          ]
        },
        {
          "type": "minecraft:alternatives",
          "children": [
            {
              "type": "minecraft:loot_table",
              "weight": 160,
              "value": "gm4_combat_expanded:weapon/identification/modifier/poison",
              "conditions": [
                {
                  "condition": "minecraft:any_of",
                  "terms": [
                    {
                      "condition": "minecraft:reference",
                      "name": "gm4_combat_expanded:mob/modifier/toxic"
                    },
                    {
                      "condition": "minecraft:reference",
                      "name": "gm4_combat_expanded:mob/modifier/deep"
                    },
                    {
                      "condition": "minecraft:reference",
                      "name": "gm4_combat_expanded:mob/modifier/reef"
                    }
                  ]
                }
              ]
            },
            {
              "type": "minecraft:loot_table",
              "weight": 10,
              "value": "gm4_combat_expanded:weapon/identification/modifier/poison",
              "conditions": [
                {
                  "condition": "minecraft:any_of",
                  "terms": [
                    {
                      "condition": "minecraft:reference",
                      "name": "gm4_combat_expanded:mob/modifier/snowy"
                    },
                    {
                      "condition": "minecraft:reference",
                      "name": "gm4_combat_expanded:mob/modifier/burned"
                    },
                    {
                      "condition": "minecraft:reference",
                      "name": "gm4_combat_expanded:mob/modifier/growth"
                    },
                    {
                      "condition": "minecraft:reference",
                      "name": "gm4_combat_expanded:mob/modifier/dark"
                    },
                    {
                      "condition": "minecraft:location_check",
                      "predicate": {
                        "dimension": "minecraft:the_nether"
                      }
                    },
                    {
                      "condition": "minecraft:any_of",
                      "terms": [
                        {
                          "condition": "minecraft:location_check",
                          "predicate": {
                            "dimension": "minecraft:the_end"
                          }
                        },
                        {
                          "condition": "minecraft:location_check",
                          "predicate": {
                            "biomes": "minecraft:mushroom_fields"
                          }
                        },
                        {
                          "condition": "minecraft:location_check",
                          "predicate": {
                            "biomes": "minecraft:deep_dark"
                          }
                        }
                      ]
                    }
                  ]
                }
              ]
            },
            {
              "type": "minecraft:loot_table",
              "weight": 40,
              "value": "gm4_combat_expanded:weapon/identification/modifier/poison"
            }
          ]
        },
        {
          "type": "minecraft:alternatives",
          "children": [
            {
              "type": "minecraft:loot_table",
              "weight": 160,
              "value": "gm4_combat_expanded:weapon/identification/modifier/quick",
              "conditions": [
                {
                  "condition": "minecraft:any_of",
                  "terms": [
                    {
                      "condition": "minecraft:reference",
                      "name": "gm4_combat_expanded:mob/modifier/burned"
                    },
                    {
                      "condition": "minecraft:reference",
                      "name": "gm4_combat_expanded:mob/modifier/dark"
                    }
                  ]
                }
              ]
            },
            {
              "type": "minecraft:loot_table",
              "weight": 10,
              "value": "gm4_combat_expanded:weapon/identification/modifier/quick",
              "conditions": [
                {
                  "condition": "minecraft:any_of",
                  "terms": [
                    {
                      "condition": "minecraft:reference",
                      "name": "gm4_combat_expanded:mob/modifier/mountainous"
                    },
                    {
                      "condition": "minecraft:reference",
                      "name": "gm4_combat_expanded:mob/modifier/deep"
                    },
                    {
                      "condition": "minecraft:reference",
                      "name": "gm4_combat_expanded:mob/modifier/reef"
                    },
                    {
                      "condition": "minecraft:any_of",
                      "terms": [
                        {
                          "condition": "minecraft:location_check",
                          "predicate": {
                            "dimension": "minecraft:the_end"
                          }
                        },
                        {
                          "condition": "minecraft:location_check",
                          "predicate": {
                            "biomes": "minecraft:mushroom_fields"
                          }
                        },
                        {
                          "condition": "minecraft:location_check",
                          "predicate": {
                            "biomes": "minecraft:deep_dark"
                          }
                        }
                      ]
                    }
                  ]
                }
              ]
            },
            {
              "type": "minecraft:loot_table",
              "weight": 40,
              "value": "gm4_combat_expanded:weapon/identification/modifier/quick"
            }
          ]
        },
        {
          "type": "minecraft:alternatives",
          "children": [
            {
              "type": "minecraft:loot_table",
              "weight": 32,
              "value": "gm4_combat_expanded:weapon/identification/modifier/swift",
              "conditions": [
                {
                  "condition": "minecraft:any_of",
                  "terms": [
                    {
                      "condition": "minecraft:reference",
                      "name": "gm4_combat_expanded:mob/modifier/burned"
                    },
                    {
                      "condition": "minecraft:reference",
                      "name": "gm4_combat_expanded:mob/modifier/growth"
                    }
                  ]
                }
              ]
            },
            {
              "type": "minecraft:loot_table",
              "weight": 2,
              "value": "gm4_combat_expanded:weapon/identification/modifier/swift",
              "conditions": [
                {
                  "condition": "minecraft:any_of",
                  "terms": [
                    {
                      "condition": "minecraft:reference",
                      "name": "gm4_combat_expanded:mob/modifier/snowy"
                    },
                    {
                      "condition": "minecraft:reference",
                      "name": "gm4_combat_expanded:mob/modifier/mountainous"
                    },
                    {
                      "condition": "minecraft:reference",
                      "name": "gm4_combat_expanded:mob/modifier/deep"
                    },
                    {
                      "condition": "minecraft:reference",
                      "name": "gm4_combat_expanded:mob/modifier/reef"
                    },
                    {
                      "condition": "minecraft:any_of",
                      "terms": [
                        {
                          "condition": "minecraft:location_check",
                          "predicate": {
                            "dimension": "minecraft:the_end"
                          }
                        },
                        {
                          "condition": "minecraft:location_check",
                          "predicate": {
                            "biomes": "minecraft:mushroom_fields"
                          }
                        },
                        {
                          "condition": "minecraft:location_check",
                          "predicate": {
                            "biomes": "minecraft:deep_dark"
                          }
                        }
                      ]
                    }
                  ]
                }
              ]
            },
            {
              "type": "minecraft:loot_table",
              "weight": 8,
              "value": "gm4_combat_expanded:weapon/identification/modifier/swift"
            }
          ]
        },
        {
          "type": "minecraft:alternatives",
          "children": [
            {
              "type": "minecraft:loot_table",
              "weight": 160,
              "value": "gm4_combat_expanded:weapon/identification/modifier/weakness",
              "conditions": [
                {
                  "condition": "minecraft:any_of",
                  "terms": [
                    {
                      "condition": "minecraft:reference",
                      "name": "gm4_combat_expanded:mob/modifier/flowering"
                    },
                    {
                      "condition": "minecraft:reference",
                      "name": "gm4_combat_expanded:mob/modifier/toxic"
                    }
                  ]
                }
              ]
            },
            {
              "type": "minecraft:loot_table",
              "weight": 10,
              "value": "gm4_combat_expanded:weapon/identification/modifier/weakness",
              "conditions": [
                {
                  "condition": "minecraft:any_of",
                  "terms": [
                    {
                      "condition": "minecraft:reference",
                      "name": "gm4_combat_expanded:mob/modifier/burned"
                    },
                    {
                      "condition": "minecraft:reference",
                      "name": "gm4_combat_expanded:mob/modifier/growth"
                    },
                    {
                      "condition": "minecraft:location_check",
                      "predicate": {
                        "dimension": "minecraft:the_nether"
                      }
                    },
                    {
                      "condition": "minecraft:any_of",
                      "terms": [
                        {
                          "condition": "minecraft:location_check",
                          "predicate": {
                            "dimension": "minecraft:the_end"
                          }
                        },
                        {
                          "condition": "minecraft:location_check",
                          "predicate": {
                            "biomes": "minecraft:mushroom_fields"
                          }
                        },
                        {
                          "condition": "minecraft:location_check",
                          "predicate": {
                            "biomes": "minecraft:deep_dark"
                          }
                        }
                      ]
                    }
                  ]
                }
              ]
            },
            {
              "type": "minecraft:loot_table",
              "weight": 40,
              "value": "gm4_combat_expanded:weapon/identification/modifier/weakness"
            }
          ]
        }
      ]
    }
  ]
}
