{
  "pools": [
    {
      "rolls": 1,
      "entries": [
        {
          "type": "minecraft:item",
          "name": "minecraft:gunpowder",
          "functions": [
            {
              "function": "minecraft:set_components",
              "components": {
                "minecraft:custom_model_data": 3420002
              }
            },
            {
              "function": "minecraft:set_custom_data",
              "tag": "{gm4_tnt_landmines:{item:\"upgrade\"}}"
            },
            {
              "function": "minecraft:set_name",
              "name": {
                "translate": "item.gm4.tnt_landmine.upgrade",
                "fallback": "Soft Defuser",
                "italic": false
              }
            },
            {
              "function": "minecraft:set_lore",
              "mode": "append",
              "lore": [
                [
                  {
                    "color": "dark_gray",
                    "translate": "item.gm4.tnt_landmine.use",
                    "fallback": "Drop to use"
                  }
                ]
              ]
            }
          ]
        }
      ]
    }
  ]
}
