{
  "pools": [
    {
      "rolls": 1,
      "entries": [
        {
          "type": "minecraft:item",
          "name": "minecraft:cherry_leaves",
          "functions": [
            {
              "function": "minecraft:set_attributes",
              "modifiers": [
                {
                  "attribute": "minecraft:generic.max_health",
                  "name": "gm4_ce_spore_buff",
                  "amount": 16,
                  "operation": "add_value",
                  "id": "2208037b-2b0a-454d-a175-1095fe7e2a4e",
                  "slot": "head"
                },
                {
                  "attribute": "minecraft:generic.armor",
                  "name": "gm4_ce_spore_buff",
                  "amount": 0.25,
                  "operation": "add_multiplied_base",
                  "id": "4675df42-eb98-4a66-8bf8-cdbd7c972687",
                  "slot": "head"
                }
              ]
            }
          ],
          "conditions": [
            {
              "condition": "minecraft:entity_properties",
              "entity": "this",
              "predicate": {
                "nbt": "{Tags:[\"gm4_ce_spore_zombie.cherry\"]}"
              }
            }
          ]
        },
        {
          "type": "minecraft:item",
          "name": "minecraft:azalea_leaves",
          "functions": [
            {
              "function": "minecraft:set_attributes",
              "modifiers": [
                {
                  "attribute": "minecraft:generic.max_health",
                  "name": "gm4_ce_spore_buff",
                  "amount": 8,
                  "operation": "add_value",
                  "id": "fd63b6b5-f31b-4b71-b7e3-b97e5a029224",
                  "slot": "head"
                },
                {
                  "attribute": "minecraft:generic.attack_damage",
                  "name": "gm4_ce_spore_buff",
                  "amount": -1.5,
                  "operation": "add_value",
                  "id": "2273e3bf-d73b-40a1-bf4a-a61833b457dd",
                  "slot": "head"
                }
              ]
            }
          ],
          "conditions": [
            {
              "condition": "minecraft:random_chance",
              "chance": 0.66
            },
            {
              "condition": "minecraft:inverted",
              "term": {
                "condition": "minecraft:entity_properties",
                "entity": "this",
                "predicate": {
                  "nbt": "{Tags:[\"gm4_ce_spore_zombie.cherry\"]}"
                }
              }
            }
          ]
        },
        {
          "type": "minecraft:item",
          "name": "minecraft:flowering_azalea_leaves",
          "conditions": [
            {
              "condition": "minecraft:inverted",
              "term": {
                "condition": "minecraft:entity_properties",
                "entity": "this",
                "predicate": {
                  "nbt": "{Tags:[\"gm4_ce_spore_zombie.cherry\"]}"
                }
              }
            }
          ]
        }
      ],
      "functions": [
        {
          "function": "minecraft:set_components",
          "components": {
            "minecraft:custom_model_data": 3420001,
            "minecraft:attribute_modifiers": {
              "modifiers": [
                {
                  "type": "minecraft:generic.max_health",
                  "name": "gm4_ce_modifier_flowering",
                  "amount": -0.25,
                  "operation": "add_multiplied_base",
                  "uuid": [
                    -608223260,
                    18434400,
                    -1707170127,
                    1153690226
                  ],
                  "slot": "head"
                }
              ],
              "show_in_tooltip": false
            }
          }
        },
        {
          "function": "minecraft:set_custom_data",
          "tag": "{gm4_ce_spore:{generation:0}}"
        },
        {
          "function": "minecraft:set_name",
          "name": {
            "text": "Zombie Spore",
            "italic": false
          }
        }
      ]
    }
  ]
}
