{
  "parent": "gm4_guidebook:root",
  "criteria": {
    "obtain_trapped_sign": {
      "trigger": "minecraft:inventory_changed",
      "conditions": {
        "items": [
          {
            "tag": "minecraft:signs",
            "predicates": {
              "minecraft:custom_data": "{gm4_trapped_sign:1b}"
            }
          }
        ],
        "player": [
          {
            "condition": "minecraft:inverted",
            "term": {
              "condition": "minecraft:entity_properties",
              "entity": "this",
              "predicate": {
                "type_specific": {
                  "type": "player",
                  "gamemode": "spectator"
                }
              }
            }
          },
          {
            "condition": "minecraft:value_check",
            "value": {
              "type": "minecraft:score",
              "target": {
                "type": "minecraft:fixed",
                "name": "gm4_guidebook"
              },
              "score": "load.status"
            },
            "range": {
              "min": 1
            }
          },
          {
            "condition": "minecraft:value_check",
            "value": {
              "type": "minecraft:score",
              "target": {
                "type": "minecraft:fixed",
                "name": "gm4_trapped_signs"
              },
              "score": "load.status"
            },
            "range": {
              "min": 1
            }
          }
        ]
      }
    }
  },
  "requirements": [
    [
      "obtain_trapped_sign"
    ]
  ],
  "rewards": {
    "function": "gm4_guidebook:trapped_signs/rewards/usage"
  }
}
