{
  "type": "minecraft:generic",
  "pools": [
    {
      "rolls": 1,
      "entries": [
        {
          "type": "minecraft:item",
          "name": "minecraft:diamond_helmet",
          "functions": [
            {
              "function": "minecraft:set_attributes",
              "modifiers": [
                {
                  "attribute": "generic.armor",
                  "name": "generic.armor",
                  "id": "2AD3F246-FEE1-4E67-B886-69FD380BB150",
                  "amount": 3,
                  "operation": "add_value",
                  "slot": "head"
                },
                {
                  "attribute": "generic.armor_toughness",
                  "name": "generic.armor_toughness",
                  "id": "2AD3F246-FEE1-4E67-B886-69FD380BB150",
                  "amount": 2,
                  "operation": "add_value",
                  "slot": "head"
                },
                {
                  "attribute": "generic.knockback_resistance",
                  "name": "generic.knockback_resistance",
                  "id": "0-1-438d-0-28d34",
                  "amount": 0,
                  "operation": "add_value",
                  "slot": "head"
                }
              ]
            },
            {
              "function": "minecraft:set_lore",
              "mode": "append",
              "entity": "this",
              "lore": [
                {
                  "translate": "item.gm4.combat_expanded.lore.unidentified",
                  "fallback": "%s Unidentified Item - Drop to Identify",
                  "with": [
                    {
                      "text": "\u26a0",
                      "color": "red",
                      "italic": false
                    }
                  ],
                  "color": "dark_red",
                  "italic": false
                }
              ]
            },
            {
              "function": "minecraft:set_custom_data",
              "tag": "{gm4_combat_expanded:{durability:363,identified:0,armor_clamp:-3,slot:0,material:5,name:'{\"italic\":false,\"translate\":\"item.minecraft.diamond_helmet\"}'}}"
            },
            {
              "function": "minecraft:enchant_randomly",
              "enchantments": [
                "minecraft:projectile_protection"
              ],
              "conditions": [
                {
                  "condition": "minecraft:reference",
                  "name": "gm4_combat_expanded:mob/modifier/growth"
                },
                {
                  "condition": "minecraft:value_check",
                  "value": {
                    "type": "minecraft:binomial",
                    "n": 1,
                    "p": {
                      "type": "minecraft:score",
                      "target": {
                        "type": "minecraft:fixed",
                        "name": "$difficulty"
                      },
                      "score": "gm4_ce_data",
                      "scale": 0.008
                    }
                  },
                  "range": 1
                }
              ]
            },
            {
              "function": "minecraft:enchant_with_levels",
              "levels": {
                "min": {
                  "type": "minecraft:score",
                  "target": {
                    "type": "minecraft:fixed",
                    "name": "$difficulty"
                  },
                  "score": "gm4_ce_data",
                  "scale": 0.15
                },
                "max": {
                  "type": "minecraft:score",
                  "target": {
                    "type": "minecraft:fixed",
                    "name": "$difficulty"
                  },
                  "score": "gm4_ce_data",
                  "scale": 0.25
                }
              },
              "treasure": false,
              "conditions": [
                {
                  "condition": "minecraft:random_chance",
                  "chance": 0.2
                }
              ]
            }
          ]
        }
      ]
    }
  ]
}
