{
  "pools": [
    {
      "rolls": 1,
      "entries": [
        {
          "type": "minecraft:item",
          "name": "minecraft:dark_oak_sign",
          "functions": [
            {
              "function": "minecraft:set_components",
              "components": {
                "minecraft:enchantment_glint_override": true,
                "minecraft:custom_model_data": 3420001
              }
            },
            {
              "function": "minecraft:set_custom_data",
              "tag": "{gm4_trapped_sign:1b}"
            },
            {
              "function": "minecraft:set_name",
              "name": {
                "translate": "item.gm4.trapped_sign",
                "fallback": "Trapped %s",
                "with": [
                  {
                    "translate": "block.minecraft.dark_oak_sign"
                  }
                ],
                "italic": false
              }
            }
          ]
        }
      ]
    }
  ]
}
