{
  "type": "minecraft:generic",
  "pools": [
    {
      "rolls": 1,
      "entries": [
        {
          "type": "minecraft:loot_table",
          "value": "gm4_combat_expanded:weapon/identification/base",
          "functions": [
            {
              "function": "minecraft:set_attributes",
              "modifiers": [
                {
                  "attribute": "minecraft:generic.attack_damage",
                  "name": "gm4_ce_remove_hand_stats",
                  "amount": -1,
                  "operation": "add_value",
                  "slot": "mainhand"
                },
                {
                  "attribute": "minecraft:generic.attack_speed",
                  "name": "gm4_ce_remove_hand_stats",
                  "amount": -4,
                  "operation": "add_value",
                  "slot": "mainhand"
                },
                {
                  "attribute": "minecraft:generic.attack_damage",
                  "name": "gm4_ce_base_attack_damage",
                  "amount": {
                    "type": "minecraft:score",
                    "target": {
                      "type": "minecraft:fixed",
                      "name": "$damage_up"
                    },
                    "score": "gm4_ce_data",
                    "scale": 0.1
                  },
                  "operation": "add_value",
                  "slot": "mainhand"
                },
                {
                  "attribute": "minecraft:generic.attack_speed",
                  "name": "gm4_ce_base_attack_speed",
                  "amount": {
                    "type": "minecraft:score",
                    "target": {
                      "type": "minecraft:fixed",
                      "name": "$atkspeed_down"
                    },
                    "score": "gm4_ce_data",
                    "scale": 0.1
                  },
                  "operation": "add_value",
                  "slot": "mainhand"
                }
              ]
            },
            {
              "function": "minecraft:set_custom_data",
              "tag": "{gm4_combat_expanded:{strike:1,modifier:2,damage_buffed:1}}"
            }
          ]
        }
      ],
      "functions": [
        {
          "function": "minecraft:set_lore",
          "mode": "append",
          "lore": [
            ""
          ]
        },
        {
          "function": "minecraft:set_lore",
          "mode": "append",
          "entity": "this",
          "lore": [
            {
              "translate": "item.modifiers.mainhand",
              "color": "gray",
              "italic": false
            }
          ]
        },
        {
          "function": "minecraft:set_lore",
          "mode": "append",
          "entity": "this",
          "lore": [
            [
              " ",
              {
                "translate": "attribute.modifier.equals.0",
                "with": [
                  [
                    {
                      "score": {
                        "name": "$damage_up_10",
                        "objective": "gm4_ce_data"
                      },
                      "color": "green",
                      "italic": false
                    },
                    ".",
                    {
                      "score": {
                        "name": "$damage_up_01",
                        "objective": "gm4_ce_data"
                      }
                    }
                  ],
                  {
                    "translate": "attribute.name.generic.attack_damage"
                  }
                ],
                "color": "dark_green",
                "italic": false
              }
            ]
          ],
          "conditions": [
            {
              "condition": "minecraft:inverted",
              "term": {
                "condition": "minecraft:value_check",
                "value": {
                  "type": "minecraft:score",
                  "target": {
                    "type": "minecraft:fixed",
                    "name": "$damage_up_01"
                  },
                  "score": "gm4_ce_data"
                },
                "range": 0
              }
            }
          ]
        },
        {
          "function": "minecraft:set_lore",
          "mode": "append",
          "entity": "this",
          "lore": [
            [
              " ",
              {
                "translate": "attribute.modifier.equals.0",
                "with": [
                  {
                    "score": {
                      "name": "$damage_up_10",
                      "objective": "gm4_ce_data"
                    },
                    "color": "green",
                    "italic": false
                  },
                  {
                    "translate": "attribute.name.generic.attack_damage"
                  }
                ],
                "color": "dark_green",
                "italic": false
              }
            ]
          ],
          "conditions": [
            {
              "condition": "minecraft:value_check",
              "value": {
                "type": "minecraft:score",
                "target": {
                  "type": "minecraft:fixed",
                  "name": "$damage_up_01"
                },
                "score": "gm4_ce_data"
              },
              "range": 0
            }
          ]
        },
        {
          "function": "minecraft:set_lore",
          "mode": "append",
          "entity": "this",
          "lore": [
            [
              " ",
              {
                "translate": "attribute.modifier.equals.0",
                "with": [
                  [
                    {
                      "score": {
                        "name": "$atkspeed_down_10",
                        "objective": "gm4_ce_data"
                      },
                      "color": "red",
                      "italic": false
                    },
                    ".",
                    {
                      "score": {
                        "name": "$atkspeed_down_01",
                        "objective": "gm4_ce_data"
                      }
                    }
                  ],
                  {
                    "translate": "attribute.name.generic.attack_speed"
                  }
                ],
                "color": "dark_green",
                "italic": false
              }
            ]
          ],
          "conditions": [
            {
              "condition": "minecraft:inverted",
              "term": {
                "condition": "minecraft:value_check",
                "value": {
                  "type": "minecraft:score",
                  "target": {
                    "type": "minecraft:fixed",
                    "name": "$atkspeed_down_01"
                  },
                  "score": "gm4_ce_data"
                },
                "range": 0
              }
            }
          ]
        },
        {
          "function": "minecraft:set_lore",
          "mode": "append",
          "entity": "this",
          "lore": [
            [
              " ",
              {
                "translate": "attribute.modifier.equals.0",
                "with": [
                  {
                    "score": {
                      "name": "$atkspeed_down_10",
                      "objective": "gm4_ce_data"
                    },
                    "color": "red",
                    "italic": false
                  },
                  {
                    "translate": "attribute.name.generic.attack_speed"
                  }
                ],
                "color": "dark_green",
                "italic": false
              }
            ]
          ],
          "conditions": [
            {
              "condition": "minecraft:value_check",
              "value": {
                "type": "minecraft:score",
                "target": {
                  "type": "minecraft:fixed",
                  "name": "$atkspeed_down_01"
                },
                "score": "gm4_ce_data"
              },
              "range": 0
            }
          ]
        },
        {
          "function": "minecraft:set_name",
          "entity": "this",
          "name": [
            {
              "translate": "item.gm4.combat_expanded.name.heavy",
              "fallback": "Heavy %s",
              "with": [
                {
                  "nbt": "components.'minecraft:custom_data'.gm4_combat_expanded.name",
                  "storage": "gm4_combat_expanded:temp",
                  "interpret": true
                }
              ],
              "italic": false
            }
          ]
        },
        {
          "function": "minecraft:set_enchantments",
          "enchantments": {
            "minecraft:knockback": {
              "min": 2,
              "max": 3
            }
          },
          "add": false
        }
      ]
    }
  ]
}
