{
  "criteria": {
    "place_sign": {
      "trigger": "minecraft:placed_block",
      "conditions": {
        "location": [
          {
            "condition": "minecraft:match_tool",
            "predicate": {
              "predicates": {
                "minecraft:custom_data": "{gm4_secret_trapped_sign:1b}"
              }
            }
          }
        ],
        "player": [
          {
            "condition": "minecraft:value_check",
            "value": {
              "type": "minecraft:score",
              "target": {
                "type": "minecraft:fixed",
                "name": "gm4_trapped_signs"
              },
              "score": "load.status"
            },
            "range": {
              "min": 1
            }
          }
        ]
      }
    }
  },
  "rewards": {
    "function": "gm4_trapped_signs:place_secret_trapped_sign"
  }
}
