{
  "pools": [
    {
      "rolls": 1,
      "entries": [
        {
          "type": "minecraft:item",
          "name": "minecraft:written_book",
          "functions": [
            {
              "function": "minecraft:set_components",
              "components": {
                "minecraft:custom_model_data": 3420001,
                "minecraft:written_book_content": {
                  "pages": [],
                  "title": "Gamemode 4 Guidebook",
                  "author": "Unknown",
                  "generation": 3
                }
              }
            },
            {
              "function": "minecraft:set_custom_data",
              "tag": "{gm4_guidebook:{lectern:1b,trigger:39}}"
            },
            {
              "function": "minecraft:set_name",
              "name": {
                "translate": "text.gm4.guidebook.title",
                "fallback": "Gamemode 4 Guidebook",
                "italic": false
              }
            }
          ]
        }
      ]
    }
  ]
}
