{
  "pools": [
    {
      "rolls": 1,
      "entries": [
        {
          "type": "minecraft:alternatives",
          "children": [
            {
              "type": "minecraft:loot_table",
              "weight": 160,
              "value": "gm4_combat_expanded:armor/identification/modifier/archer",
              "conditions": [
                {
                  "condition": "minecraft:any_of",
                  "terms": [
                    {
                      "condition": "minecraft:reference",
                      "name": "gm4_combat_expanded:mob/modifier/snowy"
                    },
                    {
                      "condition": "minecraft:reference",
                      "name": "gm4_combat_expanded:mob/modifier/mountainous"
                    },
                    {
                      "condition": "minecraft:reference",
                      "name": "gm4_combat_expanded:mob/modifier/burned"
                    }
                  ]
                }
              ]
            },
            {
              "type": "minecraft:loot_table",
              "weight": 10,
              "value": "gm4_combat_expanded:armor/identification/modifier/archer",
              "conditions": [
                {
                  "condition": "minecraft:any_of",
                  "terms": [
                    {
                      "condition": "minecraft:reference",
                      "name": "gm4_combat_expanded:mob/modifier/flowering"
                    },
                    {
                      "condition": "minecraft:reference",
                      "name": "gm4_combat_expanded:mob/modifier/growth"
                    },
                    {
                      "condition": "minecraft:reference",
                      "name": "gm4_combat_expanded:mob/modifier/dark"
                    },
                    {
                      "condition": "minecraft:any_of",
                      "terms": [
                        {
                          "condition": "minecraft:location_check",
                          "predicate": {
                            "dimension": "minecraft:the_end"
                          }
                        },
                        {
                          "condition": "minecraft:location_check",
                          "predicate": {
                            "biomes": "minecraft:mushroom_fields"
                          }
                        },
                        {
                          "condition": "minecraft:location_check",
                          "predicate": {
                            "biomes": "minecraft:deep_dark"
                          }
                        }
                      ]
                    }
                  ]
                }
              ]
            },
            {
              "type": "minecraft:loot_table",
              "weight": 40,
              "value": "gm4_combat_expanded:armor/identification/modifier/archer"
            }
          ]
        },
        {
          "type": "minecraft:alternatives",
          "children": [
            {
              "type": "minecraft:loot_table",
              "weight": 160,
              "value": "gm4_combat_expanded:armor/identification/modifier/beacon",
              "conditions": [
                {
                  "condition": "minecraft:any_of",
                  "terms": [
                    {
                      "condition": "minecraft:reference",
                      "name": "gm4_combat_expanded:mob/modifier/mountainous"
                    },
                    {
                      "condition": "minecraft:reference",
                      "name": "gm4_combat_expanded:mob/modifier/burned"
                    },
                    {
                      "condition": "minecraft:reference",
                      "name": "gm4_combat_expanded:mob/modifier/dark"
                    }
                  ]
                }
              ]
            },
            {
              "type": "minecraft:loot_table",
              "weight": 10,
              "value": "gm4_combat_expanded:armor/identification/modifier/beacon",
              "conditions": [
                {
                  "condition": "minecraft:any_of",
                  "terms": [
                    {
                      "condition": "minecraft:reference",
                      "name": "gm4_combat_expanded:mob/modifier/snowy"
                    },
                    {
                      "condition": "minecraft:reference",
                      "name": "gm4_combat_expanded:mob/modifier/toxic"
                    },
                    {
                      "condition": "minecraft:location_check",
                      "predicate": {
                        "dimension": "minecraft:the_nether"
                      }
                    },
                    {
                      "condition": "minecraft:any_of",
                      "terms": [
                        {
                          "condition": "minecraft:location_check",
                          "predicate": {
                            "dimension": "minecraft:the_end"
                          }
                        },
                        {
                          "condition": "minecraft:location_check",
                          "predicate": {
                            "biomes": "minecraft:mushroom_fields"
                          }
                        },
                        {
                          "condition": "minecraft:location_check",
                          "predicate": {
                            "biomes": "minecraft:deep_dark"
                          }
                        }
                      ]
                    }
                  ]
                }
              ]
            },
            {
              "type": "minecraft:loot_table",
              "weight": 40,
              "value": "gm4_combat_expanded:armor/identification/modifier/beacon"
            }
          ]
        },
        {
          "type": "minecraft:alternatives",
          "children": [
            {
              "type": "minecraft:loot_table",
              "weight": 160,
              "value": "gm4_combat_expanded:armor/identification/modifier/berserk",
              "conditions": [
                {
                  "condition": "minecraft:any_of",
                  "terms": [
                    {
                      "condition": "minecraft:reference",
                      "name": "gm4_combat_expanded:mob/modifier/burned"
                    },
                    {
                      "condition": "minecraft:reference",
                      "name": "gm4_combat_expanded:mob/modifier/flowering"
                    },
                    {
                      "condition": "minecraft:reference",
                      "name": "gm4_combat_expanded:mob/modifier/growth"
                    }
                  ]
                }
              ]
            },
            {
              "type": "minecraft:loot_table",
              "weight": 10,
              "value": "gm4_combat_expanded:armor/identification/modifier/berserk",
              "conditions": [
                {
                  "condition": "minecraft:any_of",
                  "terms": [
                    {
                      "condition": "minecraft:reference",
                      "name": "gm4_combat_expanded:mob/modifier/snowy"
                    },
                    {
                      "condition": "minecraft:reference",
                      "name": "gm4_combat_expanded:mob/modifier/mountainous"
                    },
                    {
                      "condition": "minecraft:reference",
                      "name": "gm4_combat_expanded:mob/modifier/deep"
                    },
                    {
                      "condition": "minecraft:reference",
                      "name": "gm4_combat_expanded:mob/modifier/reef"
                    },
                    {
                      "condition": "minecraft:any_of",
                      "terms": [
                        {
                          "condition": "minecraft:location_check",
                          "predicate": {
                            "dimension": "minecraft:the_end"
                          }
                        },
                        {
                          "condition": "minecraft:location_check",
                          "predicate": {
                            "biomes": "minecraft:mushroom_fields"
                          }
                        },
                        {
                          "condition": "minecraft:location_check",
                          "predicate": {
                            "biomes": "minecraft:deep_dark"
                          }
                        }
                      ]
                    }
                  ]
                }
              ]
            },
            {
              "type": "minecraft:loot_table",
              "weight": 40,
              "value": "gm4_combat_expanded:armor/identification/modifier/berserk"
            }
          ]
        },
        {
          "type": "minecraft:alternatives",
          "children": [
            {
              "type": "minecraft:loot_table",
              "weight": 160,
              "value": "gm4_combat_expanded:armor/identification/modifier/burn",
              "conditions": [
                {
                  "condition": "minecraft:any_of",
                  "terms": [
                    {
                      "condition": "minecraft:reference",
                      "name": "gm4_combat_expanded:mob/modifier/burned"
                    },
                    {
                      "condition": "minecraft:reference",
                      "name": "gm4_combat_expanded:mob/modifier/toxic"
                    },
                    {
                      "condition": "minecraft:location_check",
                      "predicate": {
                        "dimension": "minecraft:the_nether"
                      }
                    }
                  ]
                }
              ]
            },
            {
              "type": "minecraft:loot_table",
              "weight": 10,
              "value": "gm4_combat_expanded:armor/identification/modifier/burn",
              "conditions": [
                {
                  "condition": "minecraft:any_of",
                  "terms": [
                    {
                      "condition": "minecraft:reference",
                      "name": "gm4_combat_expanded:mob/modifier/snowy"
                    },
                    {
                      "condition": "minecraft:reference",
                      "name": "gm4_combat_expanded:mob/modifier/deep"
                    },
                    {
                      "condition": "minecraft:reference",
                      "name": "gm4_combat_expanded:mob/modifier/reef"
                    },
                    {
                      "condition": "minecraft:reference",
                      "name": "gm4_combat_expanded:mob/modifier/growth"
                    },
                    {
                      "condition": "minecraft:any_of",
                      "terms": [
                        {
                          "condition": "minecraft:location_check",
                          "predicate": {
                            "dimension": "minecraft:the_end"
                          }
                        },
                        {
                          "condition": "minecraft:location_check",
                          "predicate": {
                            "biomes": "minecraft:mushroom_fields"
                          }
                        },
                        {
                          "condition": "minecraft:location_check",
                          "predicate": {
                            "biomes": "minecraft:deep_dark"
                          }
                        }
                      ]
                    }
                  ]
                }
              ]
            },
            {
              "type": "minecraft:loot_table",
              "weight": 40,
              "value": "gm4_combat_expanded:armor/identification/modifier/burn"
            }
          ]
        },
        {
          "type": "minecraft:alternatives",
          "children": [
            {
              "type": "minecraft:loot_table",
              "weight": 32,
              "value": "gm4_combat_expanded:armor/identification/modifier/canine",
              "conditions": [
                {
                  "condition": "minecraft:any_of",
                  "terms": [
                    {
                      "condition": "minecraft:reference",
                      "name": "gm4_combat_expanded:mob/modifier/snowy"
                    },
                    {
                      "condition": "minecraft:reference",
                      "name": "gm4_combat_expanded:mob/modifier/growth"
                    }
                  ]
                }
              ]
            },
            {
              "type": "minecraft:loot_table",
              "weight": 2,
              "value": "gm4_combat_expanded:armor/identification/modifier/canine",
              "conditions": [
                {
                  "condition": "minecraft:any_of",
                  "terms": [
                    {
                      "condition": "minecraft:reference",
                      "name": "gm4_combat_expanded:mob/modifier/deep"
                    },
                    {
                      "condition": "minecraft:reference",
                      "name": "gm4_combat_expanded:mob/modifier/reef"
                    },
                    {
                      "condition": "minecraft:reference",
                      "name": "gm4_combat_expanded:mob/modifier/deep"
                    },
                    {
                      "condition": "minecraft:location_check",
                      "predicate": {
                        "dimension": "minecraft:the_nether"
                      }
                    },
                    {
                      "condition": "minecraft:any_of",
                      "terms": [
                        {
                          "condition": "minecraft:location_check",
                          "predicate": {
                            "dimension": "minecraft:the_end"
                          }
                        },
                        {
                          "condition": "minecraft:location_check",
                          "predicate": {
                            "biomes": "minecraft:mushroom_fields"
                          }
                        },
                        {
                          "condition": "minecraft:location_check",
                          "predicate": {
                            "biomes": "minecraft:deep_dark"
                          }
                        }
                      ]
                    }
                  ]
                }
              ]
            },
            {
              "type": "minecraft:loot_table",
              "weight": 8,
              "value": "gm4_combat_expanded:armor/identification/modifier/canine"
            }
          ]
        },
        {
          "type": "minecraft:alternatives",
          "children": [
            {
              "type": "minecraft:loot_table",
              "weight": 32,
              "value": "gm4_combat_expanded:armor/identification/modifier/reckless",
              "conditions": [
                {
                  "condition": "minecraft:any_of",
                  "terms": [
                    {
                      "condition": "minecraft:reference",
                      "name": "gm4_combat_expanded:mob/modifier/burned"
                    },
                    {
                      "condition": "minecraft:reference",
                      "name": "gm4_combat_expanded:mob/modifier/growth"
                    }
                  ]
                }
              ]
            },
            {
              "type": "minecraft:loot_table",
              "weight": 2,
              "value": "gm4_combat_expanded:armor/identification/modifier/reckless",
              "conditions": [
                {
                  "condition": "minecraft:any_of",
                  "terms": [
                    {
                      "condition": "minecraft:reference",
                      "name": "gm4_combat_expanded:mob/modifier/mountainous"
                    },
                    {
                      "condition": "minecraft:reference",
                      "name": "gm4_combat_expanded:mob/modifier/toxic"
                    },
                    {
                      "condition": "minecraft:any_of",
                      "terms": [
                        {
                          "condition": "minecraft:location_check",
                          "predicate": {
                            "dimension": "minecraft:the_end"
                          }
                        },
                        {
                          "condition": "minecraft:location_check",
                          "predicate": {
                            "biomes": "minecraft:mushroom_fields"
                          }
                        },
                        {
                          "condition": "minecraft:location_check",
                          "predicate": {
                            "biomes": "minecraft:deep_dark"
                          }
                        }
                      ]
                    }
                  ]
                }
              ]
            },
            {
              "type": "minecraft:loot_table",
              "weight": 8,
              "value": "gm4_combat_expanded:armor/identification/modifier/reckless"
            }
          ]
        },
        {
          "type": "minecraft:alternatives",
          "children": [
            {
              "type": "minecraft:loot_table",
              "weight": 160,
              "value": "gm4_combat_expanded:armor/identification/modifier/convert",
              "conditions": [
                {
                  "condition": "minecraft:any_of",
                  "terms": [
                    {
                      "condition": "minecraft:reference",
                      "name": "gm4_combat_expanded:mob/modifier/snowy"
                    },
                    {
                      "condition": "minecraft:reference",
                      "name": "gm4_combat_expanded:mob/modifier/toxic"
                    },
                    {
                      "condition": "minecraft:reference",
                      "name": "gm4_combat_expanded:mob/modifier/deep"
                    },
                    {
                      "condition": "minecraft:reference",
                      "name": "gm4_combat_expanded:mob/modifier/reef"
                    }
                  ]
                }
              ]
            },
            {
              "type": "minecraft:loot_table",
              "weight": 10,
              "value": "gm4_combat_expanded:armor/identification/modifier/convert",
              "conditions": [
                {
                  "condition": "minecraft:any_of",
                  "terms": [
                    {
                      "condition": "minecraft:reference",
                      "name": "gm4_combat_expanded:mob/modifier/burned"
                    },
                    {
                      "condition": "minecraft:reference",
                      "name": "gm4_combat_expanded:mob/modifier/flowering"
                    },
                    {
                      "condition": "minecraft:location_check",
                      "predicate": {
                        "dimension": "minecraft:the_nether"
                      }
                    },
                    {
                      "condition": "minecraft:any_of",
                      "terms": [
                        {
                          "condition": "minecraft:location_check",
                          "predicate": {
                            "dimension": "minecraft:the_end"
                          }
                        },
                        {
                          "condition": "minecraft:location_check",
                          "predicate": {
                            "biomes": "minecraft:mushroom_fields"
                          }
                        },
                        {
                          "condition": "minecraft:location_check",
                          "predicate": {
                            "biomes": "minecraft:deep_dark"
                          }
                        }
                      ]
                    }
                  ]
                }
              ]
            },
            {
              "type": "minecraft:loot_table",
              "weight": 40,
              "value": "gm4_combat_expanded:armor/identification/modifier/convert"
            }
          ]
        },
        {
          "type": "minecraft:alternatives",
          "children": [
            {
              "type": "minecraft:loot_table",
              "weight": 160,
              "value": "gm4_combat_expanded:armor/identification/modifier/drain",
              "conditions": [
                {
                  "condition": "minecraft:any_of",
                  "terms": [
                    {
                      "condition": "minecraft:reference",
                      "name": "gm4_combat_expanded:mob/modifier/burned"
                    },
                    {
                      "condition": "minecraft:reference",
                      "name": "gm4_combat_expanded:mob/modifier/flowering"
                    },
                    {
                      "condition": "minecraft:reference",
                      "name": "gm4_combat_expanded:mob/modifier/growth"
                    }
                  ]
                }
              ]
            },
            {
              "type": "minecraft:loot_table",
              "weight": 10,
              "value": "gm4_combat_expanded:armor/identification/modifier/drain",
              "conditions": [
                {
                  "condition": "minecraft:any_of",
                  "terms": [
                    {
                      "condition": "minecraft:reference",
                      "name": "gm4_combat_expanded:mob/modifier/snowy"
                    },
                    {
                      "condition": "minecraft:reference",
                      "name": "gm4_combat_expanded:mob/modifier/mountainous"
                    },
                    {
                      "condition": "minecraft:reference",
                      "name": "gm4_combat_expanded:mob/modifier/deep"
                    },
                    {
                      "condition": "minecraft:reference",
                      "name": "gm4_combat_expanded:mob/modifier/reef"
                    },
                    {
                      "condition": "minecraft:any_of",
                      "terms": [
                        {
                          "condition": "minecraft:location_check",
                          "predicate": {
                            "dimension": "minecraft:the_end"
                          }
                        },
                        {
                          "condition": "minecraft:location_check",
                          "predicate": {
                            "biomes": "minecraft:mushroom_fields"
                          }
                        },
                        {
                          "condition": "minecraft:location_check",
                          "predicate": {
                            "biomes": "minecraft:deep_dark"
                          }
                        }
                      ]
                    }
                  ]
                }
              ]
            },
            {
              "type": "minecraft:loot_table",
              "weight": 40,
              "value": "gm4_combat_expanded:armor/identification/modifier/drain"
            }
          ]
        },
        {
          "type": "minecraft:alternatives",
          "children": [
            {
              "type": "minecraft:loot_table",
              "weight": 160,
              "value": "gm4_combat_expanded:armor/identification/modifier/focus",
              "conditions": [
                {
                  "condition": "minecraft:any_of",
                  "terms": [
                    {
                      "condition": "minecraft:reference",
                      "name": "gm4_combat_expanded:mob/modifier/mountainous"
                    },
                    {
                      "condition": "minecraft:reference",
                      "name": "gm4_combat_expanded:mob/modifier/deep"
                    },
                    {
                      "condition": "minecraft:reference",
                      "name": "gm4_combat_expanded:mob/modifier/reef"
                    },
                    {
                      "condition": "minecraft:location_check",
                      "predicate": {
                        "dimension": "minecraft:the_nether"
                      }
                    }
                  ]
                }
              ]
            },
            {
              "type": "minecraft:loot_table",
              "weight": 10,
              "value": "gm4_combat_expanded:armor/identification/modifier/focus",
              "conditions": [
                {
                  "condition": "minecraft:any_of",
                  "terms": [
                    {
                      "condition": "minecraft:reference",
                      "name": "gm4_combat_expanded:mob/modifier/burned"
                    },
                    {
                      "condition": "minecraft:reference",
                      "name": "gm4_combat_expanded:mob/modifier/toxic"
                    },
                    {
                      "condition": "minecraft:any_of",
                      "terms": [
                        {
                          "condition": "minecraft:location_check",
                          "predicate": {
                            "dimension": "minecraft:the_end"
                          }
                        },
                        {
                          "condition": "minecraft:location_check",
                          "predicate": {
                            "biomes": "minecraft:mushroom_fields"
                          }
                        },
                        {
                          "condition": "minecraft:location_check",
                          "predicate": {
                            "biomes": "minecraft:deep_dark"
                          }
                        }
                      ]
                    }
                  ]
                }
              ]
            },
            {
              "type": "minecraft:loot_table",
              "weight": 40,
              "value": "gm4_combat_expanded:armor/identification/modifier/focus"
            }
          ]
        },
        {
          "type": "minecraft:alternatives",
          "children": [
            {
              "type": "minecraft:loot_table",
              "weight": 160,
              "value": "gm4_combat_expanded:armor/identification/modifier/half",
              "conditions": [
                {
                  "condition": "minecraft:any_of",
                  "terms": [
                    {
                      "condition": "minecraft:reference",
                      "name": "gm4_combat_expanded:mob/modifier/flowering"
                    },
                    {
                      "condition": "minecraft:reference",
                      "name": "gm4_combat_expanded:mob/modifier/deep"
                    },
                    {
                      "condition": "minecraft:reference",
                      "name": "gm4_combat_expanded:mob/modifier/reef"
                    },
                    {
                      "condition": "minecraft:reference",
                      "name": "gm4_combat_expanded:mob/modifier/growth"
                    }
                  ]
                }
              ]
            },
            {
              "type": "minecraft:loot_table",
              "weight": 10,
              "value": "gm4_combat_expanded:armor/identification/modifier/half",
              "conditions": [
                {
                  "condition": "minecraft:any_of",
                  "terms": [
                    {
                      "condition": "minecraft:reference",
                      "name": "gm4_combat_expanded:mob/modifier/snowy"
                    },
                    {
                      "condition": "minecraft:reference",
                      "name": "gm4_combat_expanded:mob/modifier/mountainous"
                    },
                    {
                      "condition": "minecraft:location_check",
                      "predicate": {
                        "dimension": "minecraft:the_nether"
                      }
                    },
                    {
                      "condition": "minecraft:any_of",
                      "terms": [
                        {
                          "condition": "minecraft:location_check",
                          "predicate": {
                            "dimension": "minecraft:the_end"
                          }
                        },
                        {
                          "condition": "minecraft:location_check",
                          "predicate": {
                            "biomes": "minecraft:mushroom_fields"
                          }
                        },
                        {
                          "condition": "minecraft:location_check",
                          "predicate": {
                            "biomes": "minecraft:deep_dark"
                          }
                        }
                      ]
                    }
                  ]
                }
              ]
            },
            {
              "type": "minecraft:loot_table",
              "weight": 40,
              "value": "gm4_combat_expanded:armor/identification/modifier/half"
            }
          ]
        },
        {
          "type": "minecraft:alternatives",
          "children": [
            {
              "type": "minecraft:loot_table",
              "weight": 160,
              "value": "gm4_combat_expanded:armor/identification/modifier/horse",
              "conditions": [
                {
                  "condition": "minecraft:any_of",
                  "terms": [
                    {
                      "condition": "minecraft:reference",
                      "name": "gm4_combat_expanded:mob/modifier/flowering"
                    },
                    {
                      "condition": "minecraft:reference",
                      "name": "gm4_combat_expanded:mob/modifier/growth"
                    }
                  ]
                }
              ]
            },
            {
              "type": "minecraft:loot_table",
              "weight": 10,
              "value": "gm4_combat_expanded:armor/identification/modifier/horse",
              "conditions": [
                {
                  "condition": "minecraft:any_of",
                  "terms": [
                    {
                      "condition": "minecraft:reference",
                      "name": "gm4_combat_expanded:mob/modifier/burned"
                    },
                    {
                      "condition": "minecraft:reference",
                      "name": "gm4_combat_expanded:mob/modifier/deep"
                    },
                    {
                      "condition": "minecraft:reference",
                      "name": "gm4_combat_expanded:mob/modifier/reef"
                    },
                    {
                      "condition": "minecraft:reference",
                      "name": "gm4_combat_expanded:mob/modifier/dark"
                    },
                    {
                      "condition": "minecraft:location_check",
                      "predicate": {
                        "dimension": "minecraft:the_nether"
                      }
                    },
                    {
                      "condition": "minecraft:any_of",
                      "terms": [
                        {
                          "condition": "minecraft:location_check",
                          "predicate": {
                            "dimension": "minecraft:the_end"
                          }
                        },
                        {
                          "condition": "minecraft:location_check",
                          "predicate": {
                            "biomes": "minecraft:mushroom_fields"
                          }
                        },
                        {
                          "condition": "minecraft:location_check",
                          "predicate": {
                            "biomes": "minecraft:deep_dark"
                          }
                        }
                      ]
                    }
                  ]
                }
              ]
            },
            {
              "type": "minecraft:loot_table",
              "weight": 40,
              "value": "gm4_combat_expanded:armor/identification/modifier/horse"
            }
          ]
        },
        {
          "type": "minecraft:alternatives",
          "children": [
            {
              "type": "minecraft:loot_table",
              "weight": 160,
              "value": "gm4_combat_expanded:armor/identification/modifier/husk",
              "conditions": [
                {
                  "condition": "minecraft:any_of",
                  "terms": [
                    {
                      "condition": "minecraft:reference",
                      "name": "gm4_combat_expanded:mob/modifier/burned"
                    },
                    {
                      "condition": "minecraft:reference",
                      "name": "gm4_combat_expanded:mob/modifier/toxic"
                    }
                  ]
                }
              ]
            },
            {
              "type": "minecraft:loot_table",
              "weight": 10,
              "value": "gm4_combat_expanded:armor/identification/modifier/husk",
              "conditions": [
                {
                  "condition": "minecraft:any_of",
                  "terms": [
                    {
                      "condition": "minecraft:reference",
                      "name": "gm4_combat_expanded:mob/modifier/snowy"
                    },
                    {
                      "condition": "minecraft:reference",
                      "name": "gm4_combat_expanded:mob/modifier/deep"
                    },
                    {
                      "condition": "minecraft:reference",
                      "name": "gm4_combat_expanded:mob/modifier/reef"
                    },
                    {
                      "condition": "minecraft:reference",
                      "name": "gm4_combat_expanded:mob/modifier/dark"
                    },
                    {
                      "condition": "minecraft:any_of",
                      "terms": [
                        {
                          "condition": "minecraft:location_check",
                          "predicate": {
                            "dimension": "minecraft:the_end"
                          }
                        },
                        {
                          "condition": "minecraft:location_check",
                          "predicate": {
                            "biomes": "minecraft:mushroom_fields"
                          }
                        },
                        {
                          "condition": "minecraft:location_check",
                          "predicate": {
                            "biomes": "minecraft:deep_dark"
                          }
                        }
                      ]
                    }
                  ]
                }
              ]
            },
            {
              "type": "minecraft:loot_table",
              "weight": 40,
              "value": "gm4_combat_expanded:armor/identification/modifier/husk"
            }
          ]
        },
        {
          "type": "minecraft:alternatives",
          "children": [
            {
              "type": "minecraft:loot_table",
              "weight": 32,
              "value": "gm4_combat_expanded:armor/identification/modifier/immune",
              "conditions": [
                {
                  "condition": "minecraft:any_of",
                  "terms": [
                    {
                      "condition": "minecraft:reference",
                      "name": "gm4_combat_expanded:mob/modifier/snowy"
                    },
                    {
                      "condition": "minecraft:reference",
                      "name": "gm4_combat_expanded:mob/modifier/toxic"
                    }
                  ]
                }
              ]
            },
            {
              "type": "minecraft:loot_table",
              "weight": 2,
              "value": "gm4_combat_expanded:armor/identification/modifier/immune",
              "conditions": [
                {
                  "condition": "minecraft:any_of",
                  "terms": [
                    {
                      "condition": "minecraft:reference",
                      "name": "gm4_combat_expanded:mob/modifier/mountainous"
                    },
                    {
                      "condition": "minecraft:reference",
                      "name": "gm4_combat_expanded:mob/modifier/burned"
                    },
                    {
                      "condition": "minecraft:location_check",
                      "predicate": {
                        "dimension": "minecraft:the_nether"
                      }
                    },
                    {
                      "condition": "minecraft:any_of",
                      "terms": [
                        {
                          "condition": "minecraft:location_check",
                          "predicate": {
                            "dimension": "minecraft:the_end"
                          }
                        },
                        {
                          "condition": "minecraft:location_check",
                          "predicate": {
                            "biomes": "minecraft:mushroom_fields"
                          }
                        },
                        {
                          "condition": "minecraft:location_check",
                          "predicate": {
                            "biomes": "minecraft:deep_dark"
                          }
                        }
                      ]
                    }
                  ]
                }
              ]
            },
            {
              "type": "minecraft:loot_table",
              "weight": 8,
              "value": "gm4_combat_expanded:armor/identification/modifier/immune"
            }
          ]
        },
        {
          "type": "minecraft:alternatives",
          "children": [
            {
              "type": "minecraft:loot_table",
              "weight": 400,
              "value": "gm4_combat_expanded:armor/identification/modifier/link",
              "conditions": [
                {
                  "condition": "minecraft:location_check",
                  "predicate": {
                    "biomes": "minecraft:deep_dark"
                  }
                }
              ]
            },
            {
              "type": "minecraft:loot_table",
              "weight": 0,
              "value": "gm4_combat_expanded:armor/identification/modifier/link"
            }
          ]
        },
        {
          "type": "minecraft:alternatives",
          "children": [
            {
              "type": "minecraft:loot_table",
              "weight": 160,
              "value": "gm4_combat_expanded:armor/identification/modifier/poised",
              "conditions": [
                {
                  "condition": "minecraft:any_of",
                  "terms": [
                    {
                      "condition": "minecraft:reference",
                      "name": "gm4_combat_expanded:mob/modifier/flowering"
                    },
                    {
                      "condition": "minecraft:location_check",
                      "predicate": {
                        "dimension": "minecraft:the_nether"
                      }
                    }
                  ]
                }
              ]
            },
            {
              "type": "minecraft:loot_table",
              "weight": 10,
              "value": "gm4_combat_expanded:armor/identification/modifier/poised",
              "conditions": [
                {
                  "condition": "minecraft:any_of",
                  "terms": [
                    {
                      "condition": "minecraft:reference",
                      "name": "gm4_combat_expanded:mob/modifier/burned"
                    },
                    {
                      "condition": "minecraft:any_of",
                      "terms": [
                        {
                          "condition": "minecraft:location_check",
                          "predicate": {
                            "dimension": "minecraft:the_end"
                          }
                        },
                        {
                          "condition": "minecraft:location_check",
                          "predicate": {
                            "biomes": "minecraft:mushroom_fields"
                          }
                        },
                        {
                          "condition": "minecraft:location_check",
                          "predicate": {
                            "biomes": "minecraft:deep_dark"
                          }
                        }
                      ]
                    }
                  ]
                }
              ]
            },
            {
              "type": "minecraft:loot_table",
              "weight": 40,
              "value": "gm4_combat_expanded:armor/identification/modifier/poised"
            }
          ]
        },
        {
          "type": "minecraft:alternatives",
          "children": [
            {
              "type": "minecraft:loot_table",
              "weight": 32,
              "value": "gm4_combat_expanded:armor/identification/modifier/reactive",
              "conditions": [
                {
                  "condition": "minecraft:any_of",
                  "terms": [
                    {
                      "condition": "minecraft:reference",
                      "name": "gm4_combat_expanded:mob/modifier/mountainous"
                    },
                    {
                      "condition": "minecraft:reference",
                      "name": "gm4_combat_expanded:mob/modifier/dark"
                    }
                  ]
                }
              ]
            },
            {
              "type": "minecraft:loot_table",
              "weight": 2,
              "value": "gm4_combat_expanded:armor/identification/modifier/reactive",
              "conditions": [
                {
                  "condition": "minecraft:any_of",
                  "terms": [
                    {
                      "condition": "minecraft:reference",
                      "name": "gm4_combat_expanded:mob/modifier/snowy"
                    },
                    {
                      "condition": "minecraft:reference",
                      "name": "gm4_combat_expanded:mob/modifier/toxic"
                    },
                    {
                      "condition": "minecraft:any_of",
                      "terms": [
                        {
                          "condition": "minecraft:location_check",
                          "predicate": {
                            "dimension": "minecraft:the_end"
                          }
                        },
                        {
                          "condition": "minecraft:location_check",
                          "predicate": {
                            "biomes": "minecraft:mushroom_fields"
                          }
                        },
                        {
                          "condition": "minecraft:location_check",
                          "predicate": {
                            "biomes": "minecraft:deep_dark"
                          }
                        }
                      ]
                    }
                  ]
                }
              ]
            },
            {
              "type": "minecraft:loot_table",
              "weight": 8,
              "value": "gm4_combat_expanded:armor/identification/modifier/reactive"
            }
          ]
        },
        {
          "type": "minecraft:alternatives",
          "children": [
            {
              "type": "minecraft:loot_table",
              "weight": 160,
              "value": "gm4_combat_expanded:armor/identification/modifier/scout",
              "conditions": [
                {
                  "condition": "minecraft:any_of",
                  "terms": [
                    {
                      "condition": "minecraft:reference",
                      "name": "gm4_combat_expanded:mob/modifier/snowy"
                    },
                    {
                      "condition": "minecraft:reference",
                      "name": "gm4_combat_expanded:mob/modifier/burned"
                    }
                  ]
                }
              ]
            },
            {
              "type": "minecraft:loot_table",
              "weight": 10,
              "value": "gm4_combat_expanded:armor/identification/modifier/scout",
              "conditions": [
                {
                  "condition": "minecraft:any_of",
                  "terms": [
                    {
                      "condition": "minecraft:reference",
                      "name": "gm4_combat_expanded:mob/modifier/mountainous"
                    },
                    {
                      "condition": "minecraft:reference",
                      "name": "gm4_combat_expanded:mob/modifier/toxic"
                    },
                    {
                      "condition": "minecraft:reference",
                      "name": "gm4_combat_expanded:mob/modifier/dark"
                    },
                    {
                      "condition": "minecraft:any_of",
                      "terms": [
                        {
                          "condition": "minecraft:location_check",
                          "predicate": {
                            "dimension": "minecraft:the_end"
                          }
                        },
                        {
                          "condition": "minecraft:location_check",
                          "predicate": {
                            "biomes": "minecraft:mushroom_fields"
                          }
                        },
                        {
                          "condition": "minecraft:location_check",
                          "predicate": {
                            "biomes": "minecraft:deep_dark"
                          }
                        }
                      ]
                    }
                  ]
                }
              ]
            },
            {
              "type": "minecraft:loot_table",
              "weight": 40,
              "value": "gm4_combat_expanded:armor/identification/modifier/scout"
            }
          ]
        },
        {
          "type": "minecraft:alternatives",
          "children": [
            {
              "type": "minecraft:loot_table",
              "weight": 160,
              "value": "gm4_combat_expanded:armor/identification/modifier/second_wind",
              "conditions": [
                {
                  "condition": "minecraft:any_of",
                  "terms": [
                    {
                      "condition": "minecraft:reference",
                      "name": "gm4_combat_expanded:mob/modifier/snowy"
                    },
                    {
                      "condition": "minecraft:reference",
                      "name": "gm4_combat_expanded:mob/modifier/dark"
                    },
                    {
                      "condition": "minecraft:location_check",
                      "predicate": {
                        "dimension": "minecraft:the_nether"
                      }
                    }
                  ]
                }
              ]
            },
            {
              "type": "minecraft:loot_table",
              "weight": 10,
              "value": "gm4_combat_expanded:armor/identification/modifier/second_wind",
              "conditions": [
                {
                  "condition": "minecraft:any_of",
                  "terms": [
                    {
                      "condition": "minecraft:reference",
                      "name": "gm4_combat_expanded:mob/modifier/burned"
                    },
                    {
                      "condition": "minecraft:reference",
                      "name": "gm4_combat_expanded:mob/modifier/toxic"
                    },
                    {
                      "condition": "minecraft:reference",
                      "name": "gm4_combat_expanded:mob/modifier/growth"
                    },
                    {
                      "condition": "minecraft:any_of",
                      "terms": [
                        {
                          "condition": "minecraft:location_check",
                          "predicate": {
                            "dimension": "minecraft:the_end"
                          }
                        },
                        {
                          "condition": "minecraft:location_check",
                          "predicate": {
                            "biomes": "minecraft:mushroom_fields"
                          }
                        },
                        {
                          "condition": "minecraft:location_check",
                          "predicate": {
                            "biomes": "minecraft:deep_dark"
                          }
                        }
                      ]
                    }
                  ]
                }
              ]
            },
            {
              "type": "minecraft:loot_table",
              "weight": 40,
              "value": "gm4_combat_expanded:armor/identification/modifier/second_wind"
            }
          ]
        },
        {
          "type": "minecraft:alternatives",
          "children": [
            {
              "type": "minecraft:loot_table",
              "weight": 160,
              "value": "gm4_combat_expanded:armor/identification/modifier/shielded",
              "conditions": [
                {
                  "condition": "minecraft:any_of",
                  "terms": [
                    {
                      "condition": "minecraft:reference",
                      "name": "gm4_combat_expanded:mob/modifier/mountainous"
                    },
                    {
                      "condition": "minecraft:reference",
                      "name": "gm4_combat_expanded:mob/modifier/deep"
                    },
                    {
                      "condition": "minecraft:reference",
                      "name": "gm4_combat_expanded:mob/modifier/reef"
                    },
                    {
                      "condition": "minecraft:reference",
                      "name": "gm4_combat_expanded:mob/modifier/dark"
                    }
                  ]
                }
              ]
            },
            {
              "type": "minecraft:loot_table",
              "weight": 10,
              "value": "gm4_combat_expanded:armor/identification/modifier/shielded",
              "conditions": [
                {
                  "condition": "minecraft:any_of",
                  "terms": [
                    {
                      "condition": "minecraft:reference",
                      "name": "gm4_combat_expanded:mob/modifier/flowering"
                    },
                    {
                      "condition": "minecraft:reference",
                      "name": "gm4_combat_expanded:mob/modifier/toxic"
                    },
                    {
                      "condition": "minecraft:reference",
                      "name": "gm4_combat_expanded:mob/modifier/growth"
                    },
                    {
                      "condition": "minecraft:any_of",
                      "terms": [
                        {
                          "condition": "minecraft:location_check",
                          "predicate": {
                            "dimension": "minecraft:the_end"
                          }
                        },
                        {
                          "condition": "minecraft:location_check",
                          "predicate": {
                            "biomes": "minecraft:mushroom_fields"
                          }
                        },
                        {
                          "condition": "minecraft:location_check",
                          "predicate": {
                            "biomes": "minecraft:deep_dark"
                          }
                        }
                      ]
                    }
                  ]
                }
              ]
            },
            {
              "type": "minecraft:loot_table",
              "weight": 40,
              "value": "gm4_combat_expanded:armor/identification/modifier/shielded"
            }
          ]
        },
        {
          "type": "minecraft:alternatives",
          "children": [
            {
              "type": "minecraft:loot_table",
              "weight": 160,
              "value": "gm4_combat_expanded:armor/identification/modifier/sneak",
              "conditions": [
                {
                  "condition": "minecraft:any_of",
                  "terms": [
                    {
                      "condition": "minecraft:reference",
                      "name": "gm4_combat_expanded:mob/modifier/toxic"
                    },
                    {
                      "condition": "minecraft:reference",
                      "name": "gm4_combat_expanded:mob/modifier/growth"
                    }
                  ]
                }
              ]
            },
            {
              "type": "minecraft:loot_table",
              "weight": 10,
              "value": "gm4_combat_expanded:armor/identification/modifier/sneak",
              "conditions": [
                {
                  "condition": "minecraft:any_of",
                  "terms": [
                    {
                      "condition": "minecraft:reference",
                      "name": "gm4_combat_expanded:mob/modifier/snowy"
                    },
                    {
                      "condition": "minecraft:reference",
                      "name": "gm4_combat_expanded:mob/modifier/burned"
                    },
                    {
                      "condition": "minecraft:location_check",
                      "predicate": {
                        "dimension": "minecraft:the_nether"
                      }
                    },
                    {
                      "condition": "minecraft:any_of",
                      "terms": [
                        {
                          "condition": "minecraft:location_check",
                          "predicate": {
                            "dimension": "minecraft:the_end"
                          }
                        },
                        {
                          "condition": "minecraft:location_check",
                          "predicate": {
                            "biomes": "minecraft:mushroom_fields"
                          }
                        },
                        {
                          "condition": "minecraft:location_check",
                          "predicate": {
                            "biomes": "minecraft:deep_dark"
                          }
                        }
                      ]
                    }
                  ]
                }
              ]
            },
            {
              "type": "minecraft:loot_table",
              "weight": 40,
              "value": "gm4_combat_expanded:armor/identification/modifier/sneak"
            }
          ]
        },
        {
          "type": "minecraft:alternatives",
          "children": [
            {
              "type": "minecraft:loot_table",
              "weight": 32,
              "value": "gm4_combat_expanded:armor/identification/modifier/soothe",
              "conditions": [
                {
                  "condition": "minecraft:any_of",
                  "terms": [
                    {
                      "condition": "minecraft:reference",
                      "name": "gm4_combat_expanded:mob/modifier/flowering"
                    },
                    {
                      "condition": "minecraft:reference",
                      "name": "gm4_combat_expanded:mob/modifier/dark"
                    },
                    {
                      "condition": "minecraft:location_check",
                      "predicate": {
                        "dimension": "minecraft:the_nether"
                      }
                    }
                  ]
                }
              ]
            },
            {
              "type": "minecraft:loot_table",
              "weight": 2,
              "value": "gm4_combat_expanded:armor/identification/modifier/soothe",
              "conditions": [
                {
                  "condition": "minecraft:any_of",
                  "terms": [
                    {
                      "condition": "minecraft:reference",
                      "name": "gm4_combat_expanded:mob/modifier/burned"
                    },
                    {
                      "condition": "minecraft:reference",
                      "name": "gm4_combat_expanded:mob/modifier/toxic"
                    },
                    {
                      "condition": "minecraft:reference",
                      "name": "gm4_combat_expanded:mob/modifier/growth"
                    },
                    {
                      "condition": "minecraft:any_of",
                      "terms": [
                        {
                          "condition": "minecraft:location_check",
                          "predicate": {
                            "dimension": "minecraft:the_end"
                          }
                        },
                        {
                          "condition": "minecraft:location_check",
                          "predicate": {
                            "biomes": "minecraft:mushroom_fields"
                          }
                        },
                        {
                          "condition": "minecraft:location_check",
                          "predicate": {
                            "biomes": "minecraft:deep_dark"
                          }
                        }
                      ]
                    }
                  ]
                }
              ]
            },
            {
              "type": "minecraft:loot_table",
              "weight": 8,
              "value": "gm4_combat_expanded:armor/identification/modifier/soothe"
            }
          ]
        },
        {
          "type": "minecraft:alternatives",
          "children": [
            {
              "type": "minecraft:loot_table",
              "weight": 160,
              "value": "gm4_combat_expanded:armor/identification/modifier/spark",
              "conditions": [
                {
                  "condition": "minecraft:any_of",
                  "terms": [
                    {
                      "condition": "minecraft:reference",
                      "name": "gm4_combat_expanded:mob/modifier/mountainous"
                    }
                  ]
                }
              ]
            },
            {
              "type": "minecraft:loot_table",
              "weight": 10,
              "value": "gm4_combat_expanded:armor/identification/modifier/spark",
              "conditions": [
                {
                  "condition": "minecraft:any_of",
                  "terms": [
                    {
                      "condition": "minecraft:reference",
                      "name": "gm4_combat_expanded:mob/modifier/burned"
                    },
                    {
                      "condition": "minecraft:reference",
                      "name": "gm4_combat_expanded:mob/modifier/toxic"
                    },
                    {
                      "condition": "minecraft:reference",
                      "name": "gm4_combat_expanded:mob/modifier/growth"
                    },
                    {
                      "condition": "minecraft:reference",
                      "name": "gm4_combat_expanded:mob/modifier/dark"
                    },
                    {
                      "condition": "minecraft:location_check",
                      "predicate": {
                        "dimension": "minecraft:the_nether"
                      }
                    },
                    {
                      "condition": "minecraft:any_of",
                      "terms": [
                        {
                          "condition": "minecraft:location_check",
                          "predicate": {
                            "dimension": "minecraft:the_end"
                          }
                        },
                        {
                          "condition": "minecraft:location_check",
                          "predicate": {
                            "biomes": "minecraft:mushroom_fields"
                          }
                        },
                        {
                          "condition": "minecraft:location_check",
                          "predicate": {
                            "biomes": "minecraft:deep_dark"
                          }
                        }
                      ]
                    }
                  ]
                }
              ]
            },
            {
              "type": "minecraft:loot_table",
              "weight": 40,
              "value": "gm4_combat_expanded:armor/identification/modifier/spark"
            }
          ]
        },
        {
          "type": "minecraft:alternatives",
          "children": [
            {
              "type": "minecraft:loot_table",
              "weight": 160,
              "value": "gm4_combat_expanded:armor/identification/modifier/sustain",
              "conditions": [
                {
                  "condition": "minecraft:any_of",
                  "terms": [
                    {
                      "condition": "minecraft:reference",
                      "name": "gm4_combat_expanded:mob/modifier/snowy"
                    },
                    {
                      "condition": "minecraft:reference",
                      "name": "gm4_combat_expanded:mob/modifier/growth"
                    }
                  ]
                }
              ]
            },
            {
              "type": "minecraft:loot_table",
              "weight": 10,
              "value": "gm4_combat_expanded:armor/identification/modifier/sustain",
              "conditions": [
                {
                  "condition": "minecraft:any_of",
                  "terms": [
                    {
                      "condition": "minecraft:reference",
                      "name": "gm4_combat_expanded:mob/modifier/burned"
                    },
                    {
                      "condition": "minecraft:reference",
                      "name": "gm4_combat_expanded:mob/modifier/toxic"
                    },
                    {
                      "condition": "minecraft:location_check",
                      "predicate": {
                        "dimension": "minecraft:the_nether"
                      }
                    },
                    {
                      "condition": "minecraft:any_of",
                      "terms": [
                        {
                          "condition": "minecraft:location_check",
                          "predicate": {
                            "dimension": "minecraft:the_end"
                          }
                        },
                        {
                          "condition": "minecraft:location_check",
                          "predicate": {
                            "biomes": "minecraft:mushroom_fields"
                          }
                        },
                        {
                          "condition": "minecraft:location_check",
                          "predicate": {
                            "biomes": "minecraft:deep_dark"
                          }
                        }
                      ]
                    }
                  ]
                }
              ]
            },
            {
              "type": "minecraft:loot_table",
              "weight": 40,
              "value": "gm4_combat_expanded:armor/identification/modifier/sustain"
            }
          ]
        },
        {
          "type": "minecraft:alternatives",
          "children": [
            {
              "type": "minecraft:loot_table",
              "weight": 32,
              "value": "gm4_combat_expanded:armor/identification/modifier/sword_ring",
              "conditions": [
                {
                  "condition": "minecraft:any_of",
                  "terms": [
                    {
                      "condition": "minecraft:reference",
                      "name": "gm4_combat_expanded:mob/modifier/burned"
                    },
                    {
                      "condition": "minecraft:reference",
                      "name": "gm4_combat_expanded:mob/modifier/deep"
                    },
                    {
                      "condition": "minecraft:reference",
                      "name": "gm4_combat_expanded:mob/modifier/reef"
                    },
                    {
                      "condition": "minecraft:location_check",
                      "predicate": {
                        "dimension": "minecraft:the_nether"
                      }
                    }
                  ]
                }
              ]
            },
            {
              "type": "minecraft:loot_table",
              "weight": 2,
              "value": "gm4_combat_expanded:armor/identification/modifier/sword_ring",
              "conditions": [
                {
                  "condition": "minecraft:any_of",
                  "terms": [
                    {
                      "condition": "minecraft:reference",
                      "name": "gm4_combat_expanded:mob/modifier/growth"
                    },
                    {
                      "condition": "minecraft:reference",
                      "name": "gm4_combat_expanded:mob/modifier/dark"
                    },
                    {
                      "condition": "minecraft:any_of",
                      "terms": [
                        {
                          "condition": "minecraft:location_check",
                          "predicate": {
                            "dimension": "minecraft:the_end"
                          }
                        },
                        {
                          "condition": "minecraft:location_check",
                          "predicate": {
                            "biomes": "minecraft:mushroom_fields"
                          }
                        },
                        {
                          "condition": "minecraft:location_check",
                          "predicate": {
                            "biomes": "minecraft:deep_dark"
                          }
                        }
                      ]
                    }
                  ]
                }
              ]
            },
            {
              "type": "minecraft:loot_table",
              "weight": 8,
              "value": "gm4_combat_expanded:armor/identification/modifier/sword_ring"
            }
          ]
        },
        {
          "type": "minecraft:alternatives",
          "children": [
            {
              "type": "minecraft:loot_table",
              "weight": 32,
              "value": "gm4_combat_expanded:armor/identification/modifier/totem",
              "conditions": [
                {
                  "condition": "minecraft:any_of",
                  "terms": [
                    {
                      "condition": "minecraft:reference",
                      "name": "gm4_combat_expanded:mob/modifier/mountainous"
                    },
                    {
                      "condition": "minecraft:reference",
                      "name": "gm4_combat_expanded:mob/modifier/toxic"
                    }
                  ]
                }
              ]
            },
            {
              "type": "minecraft:loot_table",
              "weight": 2,
              "value": "gm4_combat_expanded:armor/identification/modifier/totem",
              "conditions": [
                {
                  "condition": "minecraft:any_of",
                  "terms": [
                    {
                      "condition": "minecraft:reference",
                      "name": "gm4_combat_expanded:mob/modifier/snowy"
                    },
                    {
                      "condition": "minecraft:reference",
                      "name": "gm4_combat_expanded:mob/modifier/flowering"
                    },
                    {
                      "condition": "minecraft:any_of",
                      "terms": [
                        {
                          "condition": "minecraft:location_check",
                          "predicate": {
                            "dimension": "minecraft:the_end"
                          }
                        },
                        {
                          "condition": "minecraft:location_check",
                          "predicate": {
                            "biomes": "minecraft:mushroom_fields"
                          }
                        },
                        {
                          "condition": "minecraft:location_check",
                          "predicate": {
                            "biomes": "minecraft:deep_dark"
                          }
                        }
                      ]
                    }
                  ]
                }
              ]
            },
            {
              "type": "minecraft:loot_table",
              "weight": 8,
              "value": "gm4_combat_expanded:armor/identification/modifier/totem"
            }
          ]
        },
        {
          "type": "minecraft:alternatives",
          "children": [
            {
              "type": "minecraft:loot_table",
              "weight": 160,
              "value": "gm4_combat_expanded:armor/identification/modifier/toxic",
              "conditions": [
                {
                  "condition": "minecraft:any_of",
                  "terms": [
                    {
                      "condition": "minecraft:reference",
                      "name": "gm4_combat_expanded:mob/modifier/flowering"
                    },
                    {
                      "condition": "minecraft:reference",
                      "name": "gm4_combat_expanded:mob/modifier/toxic"
                    }
                  ]
                }
              ]
            },
            {
              "type": "minecraft:loot_table",
              "weight": 10,
              "value": "gm4_combat_expanded:armor/identification/modifier/toxic",
              "conditions": [
                {
                  "condition": "minecraft:any_of",
                  "terms": [
                    {
                      "condition": "minecraft:reference",
                      "name": "gm4_combat_expanded:mob/modifier/snowy"
                    },
                    {
                      "condition": "minecraft:reference",
                      "name": "gm4_combat_expanded:mob/modifier/mountainous"
                    },
                    {
                      "condition": "minecraft:location_check",
                      "predicate": {
                        "dimension": "minecraft:the_nether"
                      }
                    },
                    {
                      "condition": "minecraft:any_of",
                      "terms": [
                        {
                          "condition": "minecraft:location_check",
                          "predicate": {
                            "dimension": "minecraft:the_end"
                          }
                        },
                        {
                          "condition": "minecraft:location_check",
                          "predicate": {
                            "biomes": "minecraft:mushroom_fields"
                          }
                        },
                        {
                          "condition": "minecraft:location_check",
                          "predicate": {
                            "biomes": "minecraft:deep_dark"
                          }
                        }
                      ]
                    }
                  ]
                }
              ]
            },
            {
              "type": "minecraft:loot_table",
              "weight": 40,
              "value": "gm4_combat_expanded:armor/identification/modifier/toxic"
            }
          ]
        },
        {
          "type": "minecraft:alternatives",
          "children": [
            {
              "type": "minecraft:loot_table",
              "weight": 160,
              "value": "gm4_combat_expanded:armor/identification/modifier/unburden",
              "conditions": [
                {
                  "condition": "minecraft:any_of",
                  "terms": [
                    {
                      "condition": "minecraft:reference",
                      "name": "gm4_combat_expanded:mob/modifier/flowering"
                    },
                    {
                      "condition": "minecraft:reference",
                      "name": "gm4_combat_expanded:mob/modifier/growth"
                    }
                  ]
                }
              ]
            },
            {
              "type": "minecraft:loot_table",
              "weight": 10,
              "value": "gm4_combat_expanded:armor/identification/modifier/unburden",
              "conditions": [
                {
                  "condition": "minecraft:any_of",
                  "terms": [
                    {
                      "condition": "minecraft:reference",
                      "name": "gm4_combat_expanded:mob/modifier/mountainous"
                    },
                    {
                      "condition": "minecraft:reference",
                      "name": "gm4_combat_expanded:mob/modifier/burned"
                    },
                    {
                      "condition": "minecraft:any_of",
                      "terms": [
                        {
                          "condition": "minecraft:location_check",
                          "predicate": {
                            "dimension": "minecraft:the_end"
                          }
                        },
                        {
                          "condition": "minecraft:location_check",
                          "predicate": {
                            "biomes": "minecraft:mushroom_fields"
                          }
                        },
                        {
                          "condition": "minecraft:location_check",
                          "predicate": {
                            "biomes": "minecraft:deep_dark"
                          }
                        }
                      ]
                    }
                  ]
                }
              ]
            },
            {
              "type": "minecraft:loot_table",
              "weight": 40,
              "value": "gm4_combat_expanded:armor/identification/modifier/unburden"
            }
          ]
        },
        {
          "type": "minecraft:alternatives",
          "children": [
            {
              "type": "minecraft:loot_table",
              "weight": 160,
              "value": "gm4_combat_expanded:armor/identification/modifier/vamp",
              "conditions": [
                {
                  "condition": "minecraft:any_of",
                  "terms": [
                    {
                      "condition": "minecraft:reference",
                      "name": "gm4_combat_expanded:mob/modifier/toxic"
                    },
                    {
                      "condition": "minecraft:reference",
                      "name": "gm4_combat_expanded:mob/modifier/deep"
                    },
                    {
                      "condition": "minecraft:reference",
                      "name": "gm4_combat_expanded:mob/modifier/reef"
                    },
                    {
                      "condition": "minecraft:reference",
                      "name": "gm4_combat_expanded:mob/modifier/dark"
                    }
                  ]
                }
              ]
            },
            {
              "type": "minecraft:loot_table",
              "weight": 10,
              "value": "gm4_combat_expanded:armor/identification/modifier/vamp",
              "conditions": [
                {
                  "condition": "minecraft:any_of",
                  "terms": [
                    {
                      "condition": "minecraft:reference",
                      "name": "gm4_combat_expanded:mob/modifier/burned"
                    },
                    {
                      "condition": "minecraft:reference",
                      "name": "gm4_combat_expanded:mob/modifier/flowering"
                    },
                    {
                      "condition": "minecraft:location_check",
                      "predicate": {
                        "dimension": "minecraft:the_nether"
                      }
                    },
                    {
                      "condition": "minecraft:any_of",
                      "terms": [
                        {
                          "condition": "minecraft:location_check",
                          "predicate": {
                            "dimension": "minecraft:the_end"
                          }
                        },
                        {
                          "condition": "minecraft:location_check",
                          "predicate": {
                            "biomes": "minecraft:mushroom_fields"
                          }
                        },
                        {
                          "condition": "minecraft:location_check",
                          "predicate": {
                            "biomes": "minecraft:deep_dark"
                          }
                        }
                      ]
                    }
                  ]
                }
              ]
            },
            {
              "type": "minecraft:loot_table",
              "weight": 40,
              "value": "gm4_combat_expanded:armor/identification/modifier/vamp"
            }
          ]
        },
        {
          "type": "minecraft:alternatives",
          "children": [
            {
              "type": "minecraft:loot_table",
              "weight": 400,
              "value": "gm4_combat_expanded:armor/identification/modifier/vorpal",
              "conditions": [
                {
                  "condition": "minecraft:location_check",
                  "predicate": {
                    "dimension": "minecraft:the_end"
                  }
                }
              ]
            },
            {
              "type": "minecraft:loot_table",
              "weight": 0,
              "value": "gm4_combat_expanded:armor/identification/modifier/vorpal"
            }
          ]
        },
        {
          "type": "minecraft:alternatives",
          "children": [
            {
              "type": "minecraft:loot_table",
              "weight": 400,
              "value": "gm4_combat_expanded:armor/identification/modifier/wild_magic",
              "conditions": [
                {
                  "condition": "minecraft:location_check",
                  "predicate": {
                    "biomes": "minecraft:mushroom_fields"
                  }
                }
              ]
            },
            {
              "type": "minecraft:loot_table",
              "weight": 0,
              "value": "gm4_combat_expanded:armor/identification/modifier/wild_magic"
            }
          ]
        }
      ]
    }
  ]
}
